"building	",fmProgress,dateProgress,เชื่อมโครงข่ายแล้ว,aisProgress,"3bbProgress	",sinetProgress,fnProgress,trueProgress,"created_at	","updated_at	"
Project,วางโครงข่ายแล้ว,,เชื่อมโครงข่ายแล้ว,เชื่อมโครงข่ายแล้ว,,,,,,
U&I Thonglor,วางโครงข่ายแล้ว,,เชื่อมโครงข่ายแล้ว,เชื่อมโครงข่ายแล้ว,,,,เชื่อมโครงข่ายแล้ว,,
Topview,วางโครงข่ายแล้ว,,เชื่อมโครงข่ายแล้ว,เชื่อมโครงข่ายแล้ว,เชื่อมโครงข่ายแล้ว,,เชื่อมโครงข่ายแล้ว,เชื่อมโครงข่ายแล้ว,,
Topview,วางโครงข่ายแล้ว,,เชื่อมโครงข่ายแล้ว,,เชื่อมโครงข่ายแล้ว,,,เชื่อมโครงข่ายแล้ว,,
Fortune condo town 2 (ตึก 1-3),วางโครงข่ายแล้ว,,เชื่อมโครงข่ายแล้ว,เชื่อมโครงข่ายแล้ว,เชื่อมโครงข่ายแล้ว,,,เชื่อมโครงข่ายแล้ว,,
La maison 25,วางโครงข่ายแล้ว,,เชื่อมโครงข่ายแล้ว,เชื่อมโครงข่ายแล้ว,กำลังดำเนินการ,,,เชื่อมโครงข่ายแล้ว,,
Aspire Rama 9,วางโครงข่ายแล้ว,,,เชื่อมโครงข่ายแล้ว,เชื่อมโครงข่ายแล้ว,,,เชื่อมโครงข่ายแล้ว,,
K Line,วางโครงข่ายแล้ว,,เชื่อมโครงข่ายแล้ว,เชื่อมโครงข่ายแล้ว,,,,,,
Plum condo bangyai เฟส 2,วางโครงข่ายแล้ว,,,,เชื่อมโครงข่ายแล้ว,,,เชื่อมโครงข่ายแล้ว,,
Zenith Place,วางโครงข่ายแล้ว,,เชื่อมโครงข่ายแล้ว,,,,เชื่อมโครงข่ายแล้ว,เชื่อมโครงข่ายแล้ว,,
โนเบิล โซโล,วางโครงข่ายแล้ว,,เชื่อมโครงข่ายแล้ว,,,,,เชื่อมโครงข่ายแล้ว,,
บางใหญ่สแควร์ B1,วางโครงข่ายแล้ว,,เชื่อมโครงข่ายแล้ว,,,,,,,
Schloss ทองหล่อ ,วางโครงข่ายแล้ว,,เชื่อมโครงข่ายแล้ว,เชื่อมโครงข่ายแล้ว,,,,เชื่อมโครงข่ายแล้ว,,
ไอ-เฮ้าส์ ลากูน่าการ์เด้น 4 (อาคาร F-G),วางโครงข่ายแล้ว,,เชื่อมโครงข่ายแล้ว,เชื่อมโครงข่ายแล้ว,,,,เชื่อมโครงข่ายแล้ว,,
ไอ-เฮ้าส์ ลากูน่าการ์เด้น 5 (อาคาร E),วางโครงข่ายแล้ว,,เชื่อมโครงข่ายแล้ว,,กำลังดำเนินการ,,เชื่อมโครงข่ายแล้ว,เชื่อมโครงข่ายแล้ว,,
พิบูลย์คอนโดทาวน์,วางโครงข่ายแล้ว,,เชื่อมโครงข่ายแล้ว,,,,,เชื่อมโครงข่ายแล้ว,,
กรรณิการ์คอร์ด (บจก.วิเศษธุรกิจ),วางโครงข่ายแล้ว,,,เชื่อมโครงข่ายแล้ว,,,,เชื่อมโครงข่ายแล้ว,,
ซิทรีน,วางโครงข่ายแล้ว,,เชื่อมโครงข่ายแล้ว,,เชื่อมโครงข่ายแล้ว,,,เชื่อมโครงข่ายแล้ว,,
คิวเฮ้าส์ คอนโด สุขุมวิท 79,วางโครงข่ายแล้ว,,,,เชื่อมโครงข่ายแล้ว,,เชื่อมโครงข่ายแล้ว,เชื่อมโครงข่ายแล้ว,,
คาซ่า คอนโด รัชดา-ราชพฤกษ์,วางโครงข่ายแล้ว,,เชื่อมโครงข่ายแล้ว,เชื่อมโครงข่ายแล้ว,เชื่อมโครงข่ายแล้ว,,,เชื่อมโครงข่ายแล้ว,,
Ideo Mix พหลโยธิน,รอเข้าดำเนินการ,,เชื่อมโครงข่ายแล้ว,,กำลังดำเนินการ,,,เชื่อมโครงข่ายแล้ว,,
Ideo Mix พหลโยธิน,วางโครงข่ายแล้ว,,,,เชื่อมโครงข่ายแล้ว,,,เชื่อมโครงข่ายแล้ว,,
Plum condo bangyai เฟส 1,วางโครงข่ายแล้ว,,เชื่อมโครงข่ายแล้ว,,,,,เชื่อมโครงข่ายแล้ว,,
บางกอกน้อยริเวอร์ไซด์ 1,วางโครงข่ายแล้ว,,เชื่อมโครงข่ายแล้ว,เชื่อมโครงข่ายแล้ว,เชื่อมโครงข่ายแล้ว,,,เชื่อมโครงข่ายแล้ว,,
ศรีสวัสดิ์ คอนโดมิเนียม,วางโครงข่ายแล้ว,,,,เชื่อมโครงข่ายแล้ว,,,เชื่อมโครงข่ายแล้ว,,
เดอะไนน์ คอนโด 3,รอเข้าดำเนินการ,,เชื่อมโครงข่ายแล้ว,,,,,,,
เอื้ออาทรกันตนา,วางโครงข่ายแล้ว,,เชื่อมโครงข่ายแล้ว,,เชื่อมโครงข่ายแล้ว,,,,,
บางใหญ่สแควร์ บี 2,วางโครงข่ายแล้ว,,,,เชื่อมโครงข่ายแล้ว,,,เชื่อมโครงข่ายแล้ว,,
บ้านเอื้ออาทร ลำลูกกา คลอง 4,วางโครงข่ายแล้ว,,,,,,,,,
อำนวยรักษ์ คอนโดมิเนียม,วางโครงข่ายแล้ว,,เชื่อมโครงข่ายแล้ว,,,,,เชื่อมโครงข่ายแล้ว,,
บางกอกน้อยวอเตอร์ไซด์ 2,วางโครงข่ายแล้ว,,เชื่อมโครงข่ายแล้ว,,เชื่อมโครงข่ายแล้ว,,,เชื่อมโครงข่ายแล้ว,,
บ้านเอื้ออาทรบางบัวทอง 1,วางโครงข่ายแล้ว,,เชื่อมโครงข่ายแล้ว,,เชื่อมโครงข่ายแล้ว,,,,,
เลอพรีเมียร์ 1,วางโครงข่ายแล้ว,,เชื่อมโครงข่ายแล้ว,,เชื่อมโครงข่ายแล้ว,,,เชื่อมโครงข่ายแล้ว,,
ซิตี้โฮม รัชดา-ปิ่นเกล้า 2,วางโครงข่ายแล้ว,,เชื่อมโครงข่ายแล้ว,เชื่อมโครงข่ายแล้ว,เชื่อมโครงข่ายแล้ว,,,เชื่อมโครงข่ายแล้ว,,
Smart Condo,วางโครงข่ายแล้ว,,เชื่อมโครงข่ายแล้ว,,,,เชื่อมโครงข่ายแล้ว,เชื่อมโครงข่ายแล้ว,,
เดอะคริส 5,วางโครงข่ายแล้ว,,เชื่อมโครงข่ายแล้ว,,,,เชื่อมโครงข่ายแล้ว,เชื่อมโครงข่ายแล้ว,,
เดอะคริส 6,วางโครงข่ายแล้ว,,เชื่อมโครงข่ายแล้ว,,,,เชื่อมโครงข่ายแล้ว,เชื่อมโครงข่ายแล้ว,,
เดอะคริส 7,วางโครงข่ายแล้ว,,เชื่อมโครงข่ายแล้ว,เชื่อมโครงข่ายแล้ว,เชื่อมโครงข่ายแล้ว,,,เชื่อมโครงข่ายแล้ว,,
เซ็นทริค รัชดา ห้วยขวาง,วางโครงข่ายแล้ว,,เชื่อมโครงข่ายแล้ว,,,,เชื่อมโครงข่ายแล้ว,เชื่อมโครงข่ายแล้ว,,
เดอะคริส 2,วางโครงข่ายแล้ว,,,เชื่อมโครงข่ายแล้ว,เชื่อมโครงข่ายแล้ว,,,เชื่อมโครงข่ายแล้ว,,
แบงค์คอก เฟลิซ วิภาวดี 30   ,รอเข้าดำเนินการ,,เชื่อมโครงข่ายแล้ว,,,,,,,
เอื้ออาทรนนทบุรี,วางโครงข่ายแล้ว,,เชื่อมโครงข่ายแล้ว,,,,,,,
เอื้ออาทรบางโฉลง 1 (ตึก 1-16),วางโครงข่ายแล้ว,,,,เชื่อมโครงข่ายแล้ว,,,,,
เอส เค ทาวเวอร์,วางโครงข่ายแล้ว,,,,,,,เชื่อมโครงข่ายแล้ว,,
บียอนด์ สุขุมวิท      ,วางโครงข่ายแล้ว,,เชื่อมโครงข่ายแล้ว,,,,,เชื่อมโครงข่ายแล้ว,,
อ่อนนุช  เพลส         ,วางโครงข่ายแล้ว,,,,เชื่อมโครงข่ายแล้ว,,,,,
วิลมอร์ คอนโดมิเนียม       ,วางโครงข่ายแล้ว,,เชื่อมโครงข่ายแล้ว,เชื่อมโครงข่ายแล้ว,เชื่อมโครงข่ายแล้ว,,,เชื่อมโครงข่ายแล้ว,,
Ideo ลาดพร้าว ซอย 5,วางโครงข่ายแล้ว,,เชื่อมโครงข่ายแล้ว,,,,,เชื่อมโครงข่ายแล้ว,,
เซนต์หลุยส์แกรนเทอเรส,วางโครงข่ายแล้ว,,เชื่อมโครงข่ายแล้ว,,,,,เชื่อมโครงข่ายแล้ว,,
ศุภาลัย โอเรียนทัล เพลส,วางโครงข่ายแล้ว,,เชื่อมโครงข่ายแล้ว,เชื่อมโครงข่ายแล้ว,เชื่อมโครงข่ายแล้ว,,เชื่อมโครงข่ายแล้ว,,,
ทองหล่อ ทาวเวอร์,วางโครงข่ายแล้ว,,,,เชื่อมโครงข่ายแล้ว,,,เชื่อมโครงข่ายแล้ว,,
บ้านกลางกรุง สยาม-ปทุมวัน,รอเข้าดำเนินการ,,เชื่อมโครงข่ายแล้ว,,,,,,,
รัตนาธิเบศร์ แมนชั่น (บุญโต),วางโครงข่ายแล้ว,,เชื่อมโครงข่ายแล้ว,เชื่อมโครงข่ายแล้ว,เชื่อมโครงข่ายแล้ว,,เชื่อมโครงข่ายแล้ว,เชื่อมโครงข่ายแล้ว,,
เอกสินทาวเวอร์ อาคารบี และซี      ,วางโครงข่ายแล้ว,,,เชื่อมโครงข่ายแล้ว,เชื่อมโครงข่ายแล้ว,,,,,
เลทีเซีย,วางโครงข่ายแล้ว,,,,,,,เชื่อมโครงข่ายแล้ว,,
ไอ-เฮ้าส์ พระราม 9-เอกมัย,วางโครงข่ายแล้ว,,กำลังดำเนินการ,,เชื่อมโครงข่ายแล้ว,,เชื่อมโครงข่ายแล้ว,เชื่อมโครงข่ายแล้ว,,
พลัม พหลโยธิน 89 เฟส 1,วางโครงข่ายแล้ว,,เชื่อมโครงข่ายแล้ว,,เชื่อมโครงข่ายแล้ว,,,เชื่อมโครงข่ายแล้ว,,
ทองประชา คอนโดทาวน์ 5                   ,วางโครงข่ายแล้ว,,,,เชื่อมโครงข่ายแล้ว,,,เชื่อมโครงข่ายแล้ว,,
เดอะ เมดิสัน,วางโครงข่ายแล้ว,,,เชื่อมโครงข่ายแล้ว,เชื่อมโครงข่ายแล้ว,,,เชื่อมโครงข่ายแล้ว,,
พลัส 38  คอนโดมิเนียม   ,วางโครงข่ายแล้ว,,,เชื่อมโครงข่ายแล้ว,เชื่อมโครงข่ายแล้ว,,,เชื่อมโครงข่ายแล้ว,,
เดอะบรีส คอนโดมิเนียม อาคาร ซี   (The Breeze ),วางโครงข่ายแล้ว,,,เชื่อมโครงข่ายแล้ว,เชื่อมโครงข่ายแล้ว,,,เชื่อมโครงข่ายแล้ว,,
เดอะบรีส คอนโดมิเนียม อาคาร เอ   (The Breeze),วางโครงข่ายแล้ว,,,เชื่อมโครงข่ายแล้ว,เชื่อมโครงข่ายแล้ว,,,เชื่อมโครงข่ายแล้ว,,
เดอะบรีส คอนโดมิเนียม อาคาร บี   (The Breeze),วางโครงข่ายแล้ว,,,เชื่อมโครงข่ายแล้ว,เชื่อมโครงข่ายแล้ว,,,เชื่อมโครงข่ายแล้ว,,
เดอะทรีโอ การ์เด้นท์,วางโครงข่ายแล้ว,,,,เชื่อมโครงข่ายแล้ว,,,เชื่อมโครงข่ายแล้ว,,
กรีนเพลสรอยัลปาร์ค      ,วางโครงข่ายแล้ว,,,,เชื่อมโครงข่ายแล้ว,,เชื่อมโครงข่ายแล้ว,ทรู วางโครงข่ายเอง,,
"มหาทรัพย์คอนโดทาวน์ โครงการ 2 (ตึก 3,4,5)",วางโครงข่ายแล้ว,,,,เชื่อมโครงข่ายแล้ว,,เชื่อมโครงข่ายแล้ว,ทรู วางโครงข่ายเอง,,
"มหาทรัพย์คอนโดทาวน์ โครงการ 5 (ตึก 10,11,12)",วางโครงข่ายแล้ว,,,,เชื่อมโครงข่ายแล้ว,,เชื่อมโครงข่ายแล้ว,ทรู วางโครงข่ายเอง,,
"มหาทรัพย์คอนโดทาวน์ โครงการ 6 (ตึก 13,14,15)",วางโครงข่ายแล้ว,,เชื่อมโครงข่ายแล้ว,,,,,เชื่อมโครงข่ายแล้ว,,
แบงค์คอก ฮอไรซอน รามคำแหง    ,วางโครงข่ายแล้ว,,เชื่อมโครงข่ายแล้ว,,,,,เชื่อมโครงข่ายแล้ว,,
เดอะรูม สาทร,วางโครงข่ายแล้ว,,เชื่อมโครงข่ายแล้ว,,เชื่อมโครงข่ายแล้ว,,,วางโครงข่ายแล้ว,,
บ้านเอื้ออาทร บางใหญ่ เฟส 2  (ตึก 45 - 73)   ,วางโครงข่ายแล้ว,,,,,,,เชื่อมโครงข่ายแล้ว,,
เอ็มพญาไท,วางโครงข่ายแล้ว,,เชื่อมโครงข่ายแล้ว,,,,,เชื่อมโครงข่ายแล้ว,,
เคหะชุมชนหลักสี่ 4 (อาคาร 4),วางโครงข่ายแล้ว,,เชื่อมโครงข่ายแล้ว,เชื่อมโครงข่ายแล้ว,,,,เชื่อมโครงข่ายแล้ว,,
เดอะบูลเทอเรซคอนโดเทล (ตึก 4),วางโครงข่ายแล้ว,,เชื่อมโครงข่ายแล้ว,เชื่อมโครงข่ายแล้ว,,,,เชื่อมโครงข่ายแล้ว,,
ชิดลม เพลส,วางโครงข่ายแล้ว,,,,,,,,,
แกรนด์ พาร์ค ทาวน์ อาคาร B,วางโครงข่ายแล้ว,,,,เชื่อมโครงข่ายแล้ว,,,เชื่อมโครงข่ายแล้ว,,
เดอะลิ้งค์ 1 ,วางโครงข่ายแล้ว,,,,เชื่อมโครงข่ายแล้ว,,,เชื่อมโครงข่ายแล้ว,,
เดอะลิ้งค์ 2,วางโครงข่ายแล้ว,,,,เชื่อมโครงข่ายแล้ว,,,เชื่อมโครงข่ายแล้ว,,
พิณนภา อ่อนนุช,วางโครงข่ายแล้ว,,,,เชื่อมโครงข่ายแล้ว,,,เชื่อมโครงข่ายแล้ว,,
บ้านเจ้าพระยา,วางโครงข่ายแล้ว,,เชื่อมโครงข่ายแล้ว,,,,,,,
เกษมสุวรรณ คอนโดมิเนียม,วางโครงข่ายแล้ว,,เชื่อมโครงข่ายแล้ว,เชื่อมโครงข่ายแล้ว,เชื่อมโครงข่ายแล้ว,,,เชื่อมโครงข่ายแล้ว,,
ธนาเพลส ลาดพร้าว 3 (ตึก 60 A-F),วางโครงข่ายแล้ว,,,,เชื่อมโครงข่ายแล้ว,,,เชื่อมโครงข่ายแล้ว,,
บ้านบางขุนนนท์-ริมน้ำ,วางโครงข่ายแล้ว,,,,เชื่อมโครงข่ายแล้ว,,,เชื่อมโครงข่ายแล้ว,,
ลิฟวิ่งเนสท์ รามคำแหง     ,วางโครงข่ายแล้ว,,,เชื่อมโครงข่ายแล้ว,,,,เชื่อมโครงข่ายแล้ว,,
Le Monaco Residence,วางโครงข่ายแล้ว,,,,,,,,,
ไมล์สโตน คอนโดมิเนียม,วางโครงข่ายแล้ว,,,รอเข้าดำเนินการ,,,เชื่อมโครงข่ายแล้ว,เชื่อมโครงข่ายแล้ว,,
ลุมพินี วิลล์ อ่อนนุช-พัฒนาการ,วางโครงข่ายแล้ว,,,,,,,เชื่อมโครงข่ายแล้ว,,
บางใหญ่ซิตี้ A4,รอเข้าดำเนินการ,,เชื่อมโครงข่ายแล้ว,,,,,,,
เอื้ออาทรคลองถนน 2,วางโครงข่ายแล้ว,,เชื่อมโครงข่ายแล้ว,,กำลังดำเนินการ,,,,,
ดิ เอ็มโพริโอ เพลส,วางโครงข่ายแล้ว,,เชื่อมโครงข่ายแล้ว,เชื่อมโครงข่ายแล้ว,เชื่อมโครงข่ายแล้ว,,,เชื่อมโครงข่ายแล้ว,,
ธนาเพลส 1,วางโครงข่ายแล้ว,,,เชื่อมโครงข่ายแล้ว,,,เชื่อมโครงข่ายแล้ว,,,
เปรม แมนชั่น,วางโครงข่ายแล้ว,,เชื่อมโครงข่ายแล้ว,,เชื่อมโครงข่ายแล้ว,,,,,
เอื้ออาทร สายไหม 1 (ตึก 1-26),วางโครงข่ายแล้ว,,,เชื่อมโครงข่ายแล้ว,เชื่อมโครงข่ายแล้ว,,เชื่อมโครงข่ายแล้ว,เชื่อมโครงข่ายแล้ว,,
Abstracts Condo,วางโครงข่ายแล้ว,,เชื่อมโครงข่ายแล้ว,กำลังดำเนินการ,เชื่อมโครงข่ายแล้ว,,,,,
เลอซาโต,วางโครงข่ายแล้ว,,,,,,,,,
Tree Condo สุขุมวิท 52,วางโครงข่ายแล้ว,,เชื่อมโครงข่ายแล้ว,เชื่อมโครงข่ายแล้ว,เชื่อมโครงข่ายแล้ว,,เชื่อมโครงข่ายแล้ว,เชื่อมโครงข่ายแล้ว,,
"เคหะชุุมชนธนบุรี นิติ 6 (ตึก7, 8, 9)",วางโครงข่ายแล้ว,,,เชื่อมโครงข่ายแล้ว,เชื่อมโครงข่ายแล้ว,,,เชื่อมโครงข่ายแล้ว,,
เดอะวีว่า คอนโด สาทร-ตากสิน,วางโครงข่ายแล้ว,,เชื่อมโครงข่ายแล้ว,เชื่อมโครงข่ายแล้ว,เชื่อมโครงข่ายแล้ว,,เชื่อมโครงข่ายแล้ว,เชื่อมโครงข่ายแล้ว,,
เคหะชุุมชนธนบุรี นิติ 9 (ตึก1-4),วางโครงข่ายแล้ว,,เชื่อมโครงข่ายแล้ว,,เชื่อมโครงข่ายแล้ว,,,เชื่อมโครงข่ายแล้ว,,
ตลาดพลูคอนโด,วางโครงข่ายแล้ว,,,,เชื่อมโครงข่ายแล้ว,,,,,
วินเซอร์ ทาวเวอร์,วางโครงข่ายแล้ว,,,,เชื่อมโครงข่ายแล้ว,,,เชื่อมโครงข่ายแล้ว,,
ริเวอร์ ไรน์ เพลส 1,วางโครงข่ายแล้ว,,เชื่อมโครงข่ายแล้ว,,เชื่อมโครงข่ายแล้ว,,เชื่อมโครงข่ายแล้ว,,,
คาซ่า คอนโด รัชดา-ท่าพระ อาคารเอ บี,วางโครงข่ายแล้ว,,,เชื่อมโครงข่ายแล้ว,เชื่อมโครงข่ายแล้ว,,,,,
ไอคอนโด สุขุมวิท 103,วางโครงข่ายแล้ว,,,,เชื่อมโครงข่ายแล้ว,,,เชื่อมโครงข่ายแล้ว,,
คิวเฮ้าส์ คอนโด สาทร,วางโครงข่ายแล้ว,,,เชื่อมโครงข่ายแล้ว,เชื่อมโครงข่ายแล้ว,,เชื่อมโครงข่ายแล้ว,เชื่อมโครงข่ายแล้ว,,
เดอะโคลเวอร์ทองหล่อ,วางโครงข่ายแล้ว,,เชื่อมโครงข่ายแล้ว,เชื่อมโครงข่ายแล้ว,เชื่อมโครงข่ายแล้ว,,,เชื่อมโครงข่ายแล้ว,,
ดิไอริส อาคารเอฟ,วางโครงข่ายแล้ว,,เชื่อมโครงข่ายแล้ว,เชื่อมโครงข่ายแล้ว,,,,เชื่อมโครงข่ายแล้ว,,
เซ็นจูรี่ ไฮร์ (Century Heights),วางโครงข่ายแล้ว,,,,เชื่อมโครงข่ายแล้ว,,,เชื่อมโครงข่ายแล้ว,,
I-Zen Prime ,วางโครงข่ายแล้ว,,,,,,เชื่อมโครงข่ายแล้ว,เชื่อมโครงข่ายแล้ว,,
ลุมพินี วิลล์ รามคำแหง 60/2 เอ บี,วางโครงข่ายแล้ว,,เชื่อมโครงข่ายแล้ว,,,,เชื่อมโครงข่ายแล้ว,เชื่อมโครงข่ายแล้ว,,
ลุมพินี วิลล์ รามคำแหง 60/2 ซี,วางโครงข่ายแล้ว,,,,เชื่อมโครงข่ายแล้ว,,เชื่อมโครงข่ายแล้ว,เชื่อมโครงข่ายแล้ว,,
ศุภาลัย คาซาริวา,วางโครงข่ายแล้ว,,เชื่อมโครงข่ายแล้ว,,เชื่อมโครงข่ายแล้ว,,,เชื่อมโครงข่ายแล้ว,,
ริเวอร์ ไรน์ เพลส 4,วางโครงข่ายแล้ว,,เชื่อมโครงข่ายแล้ว,เชื่อมโครงข่ายแล้ว,เชื่อมโครงข่ายแล้ว,,,,,
พัฒนฉัตรสวีท,วางโครงข่ายแล้ว,,เชื่อมโครงข่ายแล้ว,เชื่อมโครงข่ายแล้ว,กำลังดำเนินการ,,,เชื่อมโครงข่ายแล้ว,,
@BTS Residence,วางโครงข่ายแล้ว,,,เชื่อมโครงข่ายแล้ว,กำลังดำเนินการ,,,เชื่อมโครงข่ายแล้ว,,
สราญใจแมนชั่น,วางโครงข่ายแล้ว,,เชื่อมโครงข่ายแล้ว,,เชื่อมโครงข่ายแล้ว,,,เชื่อมโครงข่ายแล้ว,,
S.W. HOUSE,วางโครงข่ายแล้ว,,เชื่อมโครงข่ายแล้ว,เชื่อมโครงข่ายแล้ว,เชื่อมโครงข่ายแล้ว,,,,,
S.W. HOUSE (บริษัท เอส.ดับเบิลยู.เฮ้าส์ จำกัด),วางโครงข่ายแล้ว,,เชื่อมโครงข่ายแล้ว,,กำลังดำเนินการ,,,เชื่อมโครงข่ายแล้ว,,
โนเบิล โซโล,วางโครงข่ายแล้ว,,,เชื่อมโครงข่ายแล้ว,,,,เชื่อมโครงข่ายแล้ว,,
วิช แอท สยาม,รอเข้าดำเนินการ,,เชื่อมโครงข่ายแล้ว,,,,,,,
บ้านเอื้ออาทร หทัยราษฎร์ 2   ,วางโครงข่ายแล้ว,,,,,,,เชื่อมโครงข่ายแล้ว,,
เดอะเทมโปแกรนด์ สาทร-วุฒากาศ,วางโครงข่ายแล้ว,,เชื่อมโครงข่ายแล้ว,เชื่อมโครงข่ายแล้ว,,,,,,
Villa Bajaj (บริษัท วิลล่า บาจาจ จำกัด),วางโครงข่ายแล้ว,,เชื่อมโครงข่ายแล้ว,เชื่อมโครงข่ายแล้ว,,,,เชื่อมโครงข่ายแล้ว,,
คลองถม เซ็นเตอร์,วางโครงข่ายแล้ว,,,เชื่อมโครงข่ายแล้ว,,,,เชื่อมโครงข่ายแล้ว,,
แคปปิตอลพลาซ่า,วางโครงข่ายแล้ว,,เชื่อมโครงข่ายแล้ว,เชื่อมโครงข่ายแล้ว,เชื่อมโครงข่ายแล้ว,,,,,
BR Condo,วางโครงข่ายแล้ว,,เชื่อมโครงข่ายแล้ว,,เชื่อมโครงข่ายแล้ว,,,เชื่อมโครงข่ายแล้ว,,
บ้านชมดาว,วางโครงข่ายแล้ว,,,,,,,เชื่อมโครงข่ายแล้ว,,
D.S TOWER1,วางโครงข่ายแล้ว,,เชื่อมโครงข่ายแล้ว,,กำลังดำเนินการ,,เชื่อมโครงข่ายแล้ว,เชื่อมโครงข่ายแล้ว,,
แอสปาย ศรีนครินทร์,วางโครงข่ายแล้ว,,,เชื่อมโครงข่ายแล้ว,เชื่อมโครงข่ายแล้ว,,,เชื่อมโครงข่ายแล้ว,,
เดอะแบง ค๊อค ทรัพย์  ,วางโครงข่ายแล้ว,,,,เชื่อมโครงข่ายแล้ว,,,,,
เดอะเพรสซิเด้นท์ สาทร-ราชพฤกษ์ ,วางโครงข่ายแล้ว,,,,,,,,,
เดอะซีซั่น ศรีนครินทร์,วางโครงข่ายแล้ว,,เชื่อมโครงข่ายแล้ว,,เชื่อมโครงข่ายแล้ว,,,,,
บ้านจ้อยช้างเนียม,วางโครงข่ายแล้ว,,เชื่อมโครงข่ายแล้ว,,,,,,,
แอทธินี เรสซิเด้นซ์ คอนโดมิเนียม,วางโครงข่ายแล้ว,,เชื่อมโครงข่ายแล้ว,,,,เชื่อมโครงข่ายแล้ว,เชื่อมโครงข่ายแล้ว,,
ศรีสุวรรณ ทาวเวอร์,วางโครงข่ายแล้ว,,เชื่อมโครงข่ายแล้ว,,เชื่อมโครงข่ายแล้ว,,,เชื่อมโครงข่ายแล้ว,,
นารา 9 คอนโดมิเนียม,วางโครงข่ายแล้ว,,,เชื่อมโครงข่ายแล้ว,,,,เชื่อมโครงข่ายแล้ว,,
แชปเตอร์วัน ลาดพร้าว 1,วางโครงข่ายแล้ว,,,,,,,,,
เดอะวิลเลจ บางนา,วางโครงข่ายแล้ว,,เชื่อมโครงข่ายแล้ว,,,,,เชื่อมโครงข่ายแล้ว,,
มายคอนโด สุขุมวิท 103,วางโครงข่ายแล้ว,,,,เชื่อมโครงข่ายแล้ว,,,เชื่อมโครงข่ายแล้ว,,
สามภูมิ การ์เด้นท์,วางโครงข่ายแล้ว,,,,เชื่อมโครงข่ายแล้ว,,เชื่อมโครงข่ายแล้ว,เชื่อมโครงข่ายแล้ว,,
สายชล แมนชั่น,วางโครงข่ายแล้ว,,เชื่อมโครงข่ายแล้ว,,เชื่อมโครงข่ายแล้ว,,เชื่อมโครงข่ายแล้ว,เชื่อมโครงข่ายแล้ว,,
พลัมคอนโด พาร์ค รังสิต เฟส 2,วางโครงข่ายแล้ว,,เชื่อมโครงข่ายแล้ว,เชื่อมโครงข่ายแล้ว,,,,เชื่อมโครงข่ายแล้ว,,
City Plus,วางโครงข่ายแล้ว,,,เชื่อมโครงข่ายแล้ว,,,,เชื่อมโครงข่ายแล้ว,,
Cool House,วางโครงข่ายแล้ว,,,กำลังดำเนินการ,,,,เชื่อมโครงข่ายแล้ว,,
Fullerton,วางโครงข่ายแล้ว,,เชื่อมโครงข่ายแล้ว,,เชื่อมโครงข่ายแล้ว,,,ทรู วางโครงข่ายเอง,,
คอนโดริมคลองดาวคนอง,วางโครงข่ายแล้ว,,เชื่อมโครงข่ายแล้ว,เชื่อมโครงข่ายแล้ว,เชื่อมโครงข่ายแล้ว,,,เชื่อมโครงข่ายแล้ว,,
รีสอร์ทต้า เย็นอากาศ,วางโครงข่ายแล้ว,,,เชื่อมโครงข่ายแล้ว,,,,เชื่อมโครงข่ายแล้ว,,
ชวนชมแมนชั่น,วางโครงข่ายแล้ว,,,เชื่อมโครงข่ายแล้ว,เชื่อมโครงข่ายแล้ว,,,เชื่อมโครงข่ายแล้ว,,
ดี คอนโด แคมปัส รังสิต,รอเข้าดำเนินการ,,เชื่อมโครงข่ายแล้ว,,,,,,,
กู๊ดวิวเพลส บางนา,วางโครงข่ายแล้ว,,,,เชื่อมโครงข่ายแล้ว,,,เชื่อมโครงข่ายแล้ว,,
เดอะนิช โมโน บางนา อาคารเอ และ อาคารบี,วางโครงข่ายแล้ว,,,เชื่อมโครงข่ายแล้ว,,,,เชื่อมโครงข่ายแล้ว,,
เดอะแคช สำโรง-พระราม 3,วางโครงข่ายแล้ว,,,,เชื่อมโครงข่ายแล้ว,,,เชื่อมโครงข่ายแล้ว,,
เซ็นทรัลซิตี้ นอธ-เซาท (NS Tower),วางโครงข่ายแล้ว,,เชื่อมโครงข่ายแล้ว,,,,,,,
VIIA7,วางโครงข่ายแล้ว,,,,,,เชื่อมโครงข่ายแล้ว,เชื่อมโครงข่ายแล้ว,,
เด่นนคร เรสซิเดนท์,รอเข้าดำเนินการ,,เชื่อมโครงข่ายแล้ว,,,,,,,
เดอะทรี บางโพ สเตชั่น,วางโครงข่ายแล้ว,,เชื่อมโครงข่ายแล้ว,เชื่อมโครงข่ายแล้ว,,,,,,
บริษัท ราชดำริ เรสซิเด็นซ์ จำกัด (ST REGIS),วางโครงข่ายแล้ว,,,เชื่อมโครงข่ายแล้ว,กำลังดำเนินการ,,เชื่อมโครงข่ายแล้ว,เชื่อมโครงข่ายแล้ว,,
The Privacy ลาดพร้าว-เสนา,วางโครงข่ายแล้ว,,เชื่อมโครงข่ายแล้ว,,,,,,,
มายคอนโด สุขุมวิท 52,วางโครงข่ายแล้ว,,เชื่อมโครงข่ายแล้ว,เชื่อมโครงข่ายแล้ว,เชื่อมโครงข่ายแล้ว,,,เชื่อมโครงข่ายแล้ว,,
วิเศษสุขคอนโดวิว,วางโครงข่ายแล้ว,,,เชื่อมโครงข่ายแล้ว,,,,เชื่อมโครงข่ายแล้ว,,
สุชารีไลฟ์ (บจก.สุชาต์ธนกิจ),วางโครงข่ายแล้ว,,เชื่อมโครงข่ายแล้ว,เชื่อมโครงข่ายแล้ว,เชื่อมโครงข่ายแล้ว,,,เชื่อมโครงข่ายแล้ว,,
บ้านอ่อนนุช คอนโดมิเนียม,วางโครงข่ายแล้ว,,เชื่อมโครงข่ายแล้ว,เชื่อมโครงข่ายแล้ว,เชื่อมโครงข่ายแล้ว,,เชื่อมโครงข่ายแล้ว,เชื่อมโครงข่ายแล้ว,,
"การเคหะธนบุรี นิติ 4 (ตึก3, 4)",วางโครงข่ายแล้ว,,,,,,,,,
Watthana Heights    (วัฒนา ไฮท์),วางโครงข่ายแล้ว,,,,,,,เชื่อมโครงข่ายแล้ว,,
ไฮฟ์ สุขุมวิท 65,วางโครงข่ายแล้ว,,,,เชื่อมโครงข่ายแล้ว,,,,,
ใบหยก Sky,วางโครงข่ายแล้ว,,,,เชื่อมโครงข่ายแล้ว,,,,,
ใบหยก Suite,วางโครงข่ายแล้ว,,,,เชื่อมโครงข่ายแล้ว,,,,,
ใบหยก บลูติค,วางโครงข่ายแล้ว,,เชื่อมโครงข่ายแล้ว,,เชื่อมโครงข่ายแล้ว,,,,,
Le Chateau Mansion,วางโครงข่ายแล้ว,,,,,,เชื่อมโครงข่ายแล้ว,เชื่อมโครงข่ายแล้ว,,
ลุมพินี คอนโดทาวน์ บางแค,วางโครงข่ายแล้ว,,,,,,เชื่อมโครงข่ายแล้ว,เชื่อมโครงข่ายแล้ว,,
เดอะพาร์คแลนด์ ตากสิน-ท่าพระ,วางโครงข่ายแล้ว,,เชื่อมโครงข่ายแล้ว,,,,,,,
บ้านเทพารักษ์ 2 นิติ 4,วางโครงข่ายแล้ว,,เชื่อมโครงข่ายแล้ว,,,,เชื่อมโครงข่ายแล้ว,เชื่อมโครงข่ายแล้ว,,
เตาปูนแมนชั่น อาคาร เอ,วางโครงข่ายแล้ว,,,,,,,เชื่อมโครงข่ายแล้ว,,
สุขุมวิท ลิฟวิ่ง ทาวน์,วางโครงข่ายแล้ว,,เชื่อมโครงข่ายแล้ว,เชื่อมโครงข่ายแล้ว,,,,,,
ศูนย์วิจัย เรสซิเดนท์,วางโครงข่ายแล้ว,,เชื่อมโครงข่ายแล้ว,เชื่อมโครงข่ายแล้ว,,,,,,
การ์เดน เพลส 1,วางโครงข่ายแล้ว,,เชื่อมโครงข่ายแล้ว,เชื่อมโครงข่ายแล้ว,,,,,,
การ์เดน เพลส 2,วางโครงข่ายแล้ว,,,เชื่อมโครงข่ายแล้ว,,,,เชื่อมโครงข่ายแล้ว,,
มายรีสอร์ท บางกอก,วางโครงข่ายแล้ว,,,,,,,เชื่อมโครงข่ายแล้ว,,
ไอทีเอฟ-สีลมพาเลส,วางโครงข่ายแล้ว,,เชื่อมโครงข่ายแล้ว,เชื่อมโครงข่ายแล้ว,,,เชื่อมโครงข่ายแล้ว,เชื่อมโครงข่ายแล้ว,,
"ฟลอราวิลล์ (ตึก A, B)",วางโครงข่ายแล้ว,,เชื่อมโครงข่ายแล้ว,,,,,,,
Piya Residence 28,วางโครงข่ายแล้ว,,เชื่อมโครงข่ายแล้ว,,,,,,,
Piya Residence 30,วางโครงข่ายแล้ว,,เชื่อมโครงข่ายแล้ว,เชื่อมโครงข่ายแล้ว,,,,,,
แกรนด์วิลเฮ้าส์ คอนโดมิเนียม,วางโครงข่ายแล้ว,,,,,,,เชื่อมโครงข่ายแล้ว,,
สาทรแฮปปี้แลนด์ ทาวเวอร์,วางโครงข่ายแล้ว,,เชื่อมโครงข่ายแล้ว,เชื่อมโครงข่ายแล้ว,เชื่อมโครงข่ายแล้ว,,เชื่อมโครงข่ายแล้ว,เชื่อมโครงข่ายแล้ว,,
"เคหะชุมชนธนบุรี  นิติ 5 (ตึก5,6)     ",วางโครงข่ายแล้ว,,เชื่อมโครงข่ายแล้ว,เชื่อมโครงข่ายแล้ว,เชื่อมโครงข่ายแล้ว,,,เชื่อมโครงข่ายแล้ว,,
Wish Signature II Midtown Siam,วางโครงข่ายแล้ว,,,เชื่อมโครงข่ายแล้ว,,,,เชื่อมโครงข่ายแล้ว,,
ศาลาแดง วัน,วางโครงข่ายแล้ว,,,เชื่อมโครงข่ายแล้ว,,,,,,
98 wirelwss,วางโครงข่ายแล้ว,,,เชื่อมโครงข่ายแล้ว,เชื่อมโครงข่ายแล้ว,,เชื่อมโครงข่ายแล้ว,เชื่อมโครงข่ายแล้ว,,
Rich Park @ Triple Station,วางโครงข่ายแล้ว,,เชื่อมโครงข่ายแล้ว,เชื่อมโครงข่ายแล้ว,,,,ทรู วางโครงข่ายเอง,,
Chamberser (รัชดา -รามอินทราตัดใหม่),วางโครงข่ายแล้ว,,เชื่อมโครงข่ายแล้ว,,,,เชื่อมโครงข่ายแล้ว,เชื่อมโครงข่ายแล้ว,,
Savvi Condo (พหลโยธิน 2 ),วางโครงข่ายแล้ว,,เชื่อมโครงข่ายแล้ว,เชื่อมโครงข่ายแล้ว,เชื่อมโครงข่ายแล้ว,,,เชื่อมโครงข่ายแล้ว,,
Urban Attilud,วางโครงข่ายแล้ว,,เชื่อมโครงข่ายแล้ว,เชื่อมโครงข่ายแล้ว,,,,,,
,วางโครงข่ายแล้ว,,เชื่อมโครงข่ายแล้ว,,,,,,,
Excel อุดมสุข 31,วางโครงข่ายแล้ว,,,เชื่อมโครงข่ายแล้ว,,,,,,
28 ชิดลม,วางโครงข่ายแล้ว,,เชื่อมโครงข่ายแล้ว,เชื่อมโครงข่ายแล้ว,,,,,,
บีทนิค (BEATNIQ),วางโครงข่ายแล้ว,,เชื่อมโครงข่ายแล้ว,,เชื่อมโครงข่ายแล้ว,,เชื่อมโครงข่ายแล้ว,เชื่อมโครงข่ายแล้ว,,
ลุมพินี พาร์ค ปิ่นเกล้า,รอเข้าดำเนินการ,,เชื่อมโครงข่ายแล้ว,,,,,,,
เอื้ออาทรบางนา นิติ 3 (ตึก 40 - 60),วางโครงข่ายแล้ว,,,,,,,เชื่อมโครงข่ายแล้ว,,
เซ็นทรัล รัชโยธินปาร์ค,วางโครงข่ายแล้ว,,,,กำลังดำเนินการ,,,เชื่อมโครงข่ายแล้ว,,
สราญวิลล์  อาคาร A  และ B @ แฮปปี้แลนด์,วางโครงข่ายแล้ว,,,,,,เชื่อมโครงข่ายแล้ว,เชื่อมโครงข่ายแล้ว,,
"ลุมพินี เซ็นเตอร์ ลาดพร้าว 111 (ตึก A, B, C, D)",วางโครงข่ายแล้ว,,,,เชื่อมโครงข่ายแล้ว,,เชื่อมโครงข่ายแล้ว,ทรู วางโครงข่ายเอง,,
มหาทรัพย์ คอนโดทาวน์ โครงการ 1,วางโครงข่ายแล้ว,,,,เชื่อมโครงข่ายแล้ว,,เชื่อมโครงข่ายแล้ว,ทรู วางโครงข่ายเอง,,
มหาทรัพย์ คอนโดทาวน์ โครงการ 3,วางโครงข่ายแล้ว,,,,เชื่อมโครงข่ายแล้ว,,เชื่อมโครงข่ายแล้ว,ทรู วางโครงข่ายเอง,,
มหาทรัพย์ คอนโดทาวน์ โครงการ 4,วางโครงข่ายแล้ว,,,เชื่อมโครงข่ายแล้ว,เชื่อมโครงข่ายแล้ว,,เชื่อมโครงข่ายแล้ว,เชื่อมโครงข่ายแล้ว,,
"เคหะชุนชนธนบุรี นิติ 8 (ตึก B1-6 , C1-7)   ",วางโครงข่ายแล้ว,,,,,,,เชื่อมโครงข่ายแล้ว,,
ไบร์ทตั้น เพลส,วางโครงข่ายแล้ว,,เชื่อมโครงข่ายแล้ว,,เชื่อมโครงข่ายแล้ว,,เชื่อมโครงข่ายแล้ว,เชื่อมโครงข่ายแล้ว,,
พลัม พหลโยธิน 89 เฟส 2,วางโครงข่ายแล้ว,,,,,,,เชื่อมโครงข่ายแล้ว,,
รัชดา โฮม,วางโครงข่ายแล้ว,,เชื่อมโครงข่ายแล้ว,เชื่อมโครงข่ายแล้ว,เชื่อมโครงข่ายแล้ว,,,เชื่อมโครงข่ายแล้ว,,
การเคหะธนบุรี นิติ 3 (อาคาร 1-2),วางโครงข่ายแล้ว,,,เชื่อมโครงข่ายแล้ว,เชื่อมโครงข่ายแล้ว,,,,,
คันทรี่ คอมเพล็กซ์ อาคาร บี,วางโครงข่ายแล้ว,,,,เชื่อมโครงข่ายแล้ว,,เชื่อมโครงข่ายแล้ว,เชื่อมโครงข่ายแล้ว,,
เคหะชุมชนธนบุุรี นิติ 7 (อาคาร A1 - 12)   ,วางโครงข่ายแล้ว,,,เชื่อมโครงข่ายแล้ว,เชื่อมโครงข่ายแล้ว,,เชื่อมโครงข่ายแล้ว,เชื่อมโครงข่ายแล้ว,,
บ้านสวนริมน้ำ 1,วางโครงข่ายแล้ว,,เชื่อมโครงข่ายแล้ว,เชื่อมโครงข่ายแล้ว,เชื่อมโครงข่ายแล้ว,,เชื่อมโครงข่ายแล้ว,เชื่อมโครงข่ายแล้ว,,
บ้านสวนริมน้ำ 2,วางโครงข่ายแล้ว,,เชื่อมโครงข่ายแล้ว,,,,,เชื่อมโครงข่ายแล้ว,,
อารีเพลส,วางโครงข่ายแล้ว,,เชื่อมโครงข่ายแล้ว,,,,,,,
แมกซ์ คอนโดมิเนียม เกษตร - วิภาวดี ( A ),วางโครงข่ายแล้ว,,,กำลังดำเนินการ,,,,เชื่อมโครงข่ายแล้ว,,
เบ็ล พาร์ค เรสซิเด้นซ์ 1,วางโครงข่ายแล้ว,,,เชื่อมโครงข่ายแล้ว,เชื่อมโครงข่ายแล้ว,,,,,
The Next Garden Mix    ,วางโครงข่ายแล้ว,,,เชื่อมโครงข่ายแล้ว,เชื่อมโครงข่ายแล้ว,,เชื่อมโครงข่ายแล้ว,เชื่อมโครงข่ายแล้ว,,
บ้านสวนริมน้ำ 3,วางโครงข่ายแล้ว,,,,,,,เชื่อมโครงข่ายแล้ว,,
ลุมพินี เพลส (ซอยไกรสีห์) ผู้บริหารของลุมพินีพักอาศัย,วางโครงข่ายแล้ว,,,,,,,เชื่อมโครงข่ายแล้ว,,
"รัชดาซิตี้คอนโด นิติ 1 ( ตึก C , D)",วางโครงข่ายแล้ว,,,,,,,เชื่อมโครงข่ายแล้ว,,
รัชดาซิตี้คอนโด นิติ 2 ( ตึก A),วางโครงข่ายแล้ว,,เชื่อมโครงข่ายแล้ว,,,,,เชื่อมโครงข่ายแล้ว,,
รัชดาซิตี้คอนโด นิติ 3 ( ตึก B),วางโครงข่ายแล้ว,,เชื่อมโครงข่ายแล้ว,,เชื่อมโครงข่ายแล้ว,,,,,
ไอดีโอ โมบิ จรัญ-อินเตอร์เชนจ์,วางโครงข่ายแล้ว,,,,เชื่อมโครงข่ายแล้ว,,,,,
บางใหญ่สแควร์ ซี 2,วางโครงข่ายแล้ว,,เชื่อมโครงข่ายแล้ว,เชื่อมโครงข่ายแล้ว,,,,เชื่อมโครงข่ายแล้ว,,
Tempo Quard สะพานใหม่,วางโครงข่ายแล้ว,,เชื่อมโครงข่ายแล้ว,,,,,เชื่อมโครงข่ายแล้ว,,
คาซา ริวา วิสต้า 2,วางโครงข่ายแล้ว,,เชื่อมโครงข่ายแล้ว,,,,,เชื่อมโครงข่ายแล้ว,,
เดอะสตาร์เอสเตรท พระราม 3,วางโครงข่ายแล้ว,,เชื่อมโครงข่ายแล้ว,,,,เชื่อมโครงข่ายแล้ว,เชื่อมโครงข่ายแล้ว,,
รัชดาวิลล์,วางโครงข่ายแล้ว,,,,,,,,,
นอร์ธ พาร์ค เพลส,วางโครงข่ายแล้ว,,เชื่อมโครงข่ายแล้ว,เชื่อมโครงข่ายแล้ว,,,,,,
คอนโด วัน สุขุมวิท 52,วางโครงข่ายแล้ว,,เชื่อมโครงข่ายแล้ว,,,,,,,
บ้านเอื้ออาทร บางโฉลง 3 (ตึก 29-41),วางโครงข่ายแล้ว,,,เชื่อมโครงข่ายแล้ว,,,,,,
เดอะเรสซิเดนซ์ ,วางโครงข่ายแล้ว,,,,เชื่อมโครงข่ายแล้ว,,,เชื่อมโครงข่ายแล้ว,,
ฟิฟตี้ ฟิฟท์ ทาวเวอร์,วางโครงข่ายแล้ว,,,เชื่อมโครงข่ายแล้ว,,,,เชื่อมโครงข่ายแล้ว,,
"เดอะ วอเตอร์ฟอร์ด รามา 4/1 ( ตึก A, B, C)",วางโครงข่ายแล้ว,,,,,,,เชื่อมโครงข่ายแล้ว,,
สาธร พรีเมียร์ เพลส,วางโครงข่ายแล้ว,,เชื่อมโครงข่ายแล้ว,,,,,เชื่อมโครงข่ายแล้ว,,
พอส บี สุขุมวิท 107,วางโครงข่ายแล้ว,,เชื่อมโครงข่ายแล้ว,เชื่อมโครงข่ายแล้ว,เชื่อมโครงข่ายแล้ว,,,เชื่อมโครงข่ายแล้ว,,
ชาญอิสสระซิตี้,วางโครงข่ายแล้ว,,เชื่อมโครงข่ายแล้ว,,,,,เชื่อมโครงข่ายแล้ว,,
Rich park เจ้าพระยา รัตนาธิเบศร์,วางโครงข่ายแล้ว,,,,,,,,,
บ้านเอื้ออาทรบางโฉลง 2 (ตึก 17-28),วางโครงข่ายแล้ว,,,เชื่อมโครงข่ายแล้ว,,,เชื่อมโครงข่ายแล้ว,เชื่อมโครงข่ายแล้ว,,
Rise Rama9,วางโครงข่ายแล้ว,,เชื่อมโครงข่ายแล้ว,,,,เชื่อมโครงข่ายแล้ว,เชื่อมโครงข่ายแล้ว,,
ลัคกี้ สตาร์ คอนโด,วางโครงข่ายแล้ว,,,,,,,,,
อินโดไทย คอนโด,วางโครงข่ายแล้ว,,เชื่อมโครงข่ายแล้ว,,,,เชื่อมโครงข่ายแล้ว,เชื่อมโครงข่ายแล้ว,,
"ลุมพินี เซ็นเตอร์ ลาดพร้าว 111 (ตึก E, F, G)",วางโครงข่ายแล้ว,,เชื่อมโครงข่ายแล้ว,,,,,,,
เดอะซี๊ด รัชดา ห้วยขวาง,วางโครงข่ายแล้ว,,เชื่อมโครงข่ายแล้ว,,เชื่อมโครงข่ายแล้ว,,เชื่อมโครงข่ายแล้ว,เชื่อมโครงข่ายแล้ว,,
ลุมพินี เพลส ปิ่นเกล้า,วางโครงข่ายแล้ว,,เชื่อมโครงข่ายแล้ว,,เชื่อมโครงข่ายแล้ว,,,,,
ซีน คอนโด,วางโครงข่ายแล้ว,,เชื่อมโครงข่ายแล้ว,,,,,เชื่อมโครงข่ายแล้ว,,
ริชพาร์ค @ เตาปูน,วางโครงข่ายแล้ว,,เชื่อมโครงข่ายแล้ว,เชื่อมโครงข่ายแล้ว,เชื่อมโครงข่ายแล้ว,,,เชื่อมโครงข่ายแล้ว,,
ไอดีโอ รัชดา-ห้วยขวาง,วางโครงข่ายแล้ว,,,,,,,เชื่อมโครงข่ายแล้ว,,
ธนาอาร์เคเดีย,วางโครงข่ายแล้ว,,เชื่อมโครงข่ายแล้ว,เชื่อมโครงข่ายแล้ว,เชื่อมโครงข่ายแล้ว,,เชื่อมโครงข่ายแล้ว,เชื่อมโครงข่ายแล้ว,,
พลัมคอนโด พาร์ค รังสิต เฟส 3,วางโครงข่ายแล้ว,,,,,,เชื่อมโครงข่ายแล้ว,เชื่อมโครงข่ายแล้ว,,
ลุมพินีคอนโดทาวน์ บดินทรเดชา-รามคำแหง,วางโครงข่ายแล้ว,,,,,,,เชื่อมโครงข่ายแล้ว,,
พอส เอ สุขุมวิท 107,วางโครงข่ายแล้ว,,เชื่อมโครงข่ายแล้ว,,,,,เชื่อมโครงข่ายแล้ว,,
เดอะรูม สุขุมวิท 79,วางโครงข่ายแล้ว,,,เชื่อมโครงข่ายแล้ว,,,,เชื่อมโครงข่ายแล้ว,,
เซอร์เคิลS สุขุมวิท 12,วางโครงข่ายแล้ว,,,,,,,เชื่อมโครงข่ายแล้ว,,
โนเบิล รีวีล,วางโครงข่ายแล้ว,,,เชื่อมโครงข่ายแล้ว,เชื่อมโครงข่ายแล้ว,,,เชื่อมโครงข่ายแล้ว,,
บ.วีพี.เอสเซ็กส์ จก.(เดอะวอเตอร์ฟอร์ด สุขุมวิท 50),วางโครงข่ายแล้ว,,เชื่อมโครงข่ายแล้ว,,เชื่อมโครงข่ายแล้ว,,,เชื่อมโครงข่ายแล้ว,,
ลุมพินี เพลส ปิ่นเกล้า 2,วางโครงข่ายแล้ว,,เชื่อมโครงข่ายแล้ว,เชื่อมโครงข่ายแล้ว,,,,,,
ซีรีนเพลส 24,วางโครงข่ายแล้ว,,,,เชื่อมโครงข่ายแล้ว,,,เชื่อมโครงข่ายแล้ว,,
เดอะ ลุมพินี 24,วางโครงข่ายแล้ว,,,,เชื่อมโครงข่ายแล้ว,,,เชื่อมโครงข่ายแล้ว,,
เพรสซิเด็นท์ คอนโดทาวน์ 2,วางโครงข่ายแล้ว,,เชื่อมโครงข่ายแล้ว,,เชื่อมโครงข่ายแล้ว,,เชื่อมโครงข่ายแล้ว,เชื่อมโครงข่ายแล้ว,,
พรทวีวัฒน์ อาคาร เอ,วางโครงข่ายแล้ว,,เชื่อมโครงข่ายแล้ว,เชื่อมโครงข่ายแล้ว,,,เชื่อมโครงข่ายแล้ว,เชื่อมโครงข่ายแล้ว,,
รีเจ้นท์โฮม บางซ่อน เฟส 27,วางโครงข่ายแล้ว,,เชื่อมโครงข่ายแล้ว,,เชื่อมโครงข่ายแล้ว,,,เชื่อมโครงข่ายแล้ว,,
ซิตี้โฮม รัตนาธิเบศร์,วางโครงข่ายแล้ว,,เชื่อมโครงข่ายแล้ว,เชื่อมโครงข่ายแล้ว,,,,เชื่อมโครงข่ายแล้ว,,
Lake Green,วางโครงข่ายแล้ว,,เชื่อมโครงข่ายแล้ว,,,,,,,
เอื้ออาทร บางนา นิติ 2 (ตึก 17 - 39),วางโครงข่ายแล้ว,,,เชื่อมโครงข่ายแล้ว,เชื่อมโครงข่ายแล้ว,,เชื่อมโครงข่ายแล้ว,เชื่อมโครงข่ายแล้ว,,
แม็กซี่ คอนโด,วางโครงข่ายแล้ว,,,,,,,เชื่อมโครงข่ายแล้ว,,
เดอะรูม สุขุมวิท 69,วางโครงข่ายแล้ว,,เชื่อมโครงข่ายแล้ว,เชื่อมโครงข่ายแล้ว,,,,เชื่อมโครงข่ายแล้ว,,
เดอะมิดด์ คอนโดมิเนียม (บริษัท กู๊ดวิลล์ แลนด์ จำกัด),วางโครงข่ายแล้ว,,,เชื่อมโครงข่ายแล้ว,,,,,,
เดอะคิวบ์ ประชาอุทิศ อาคารบี,รอเข้าดำเนินการ,,,,,,,,,
"เสริมศิริ อาคารชุด 1 (1,2)",รอเข้าดำเนินการ,,,,,,,,,
"เสริมศิริ อาคารชุด 2 (3,4)",รอเข้าดำเนินการ,,เชื่อมโครงข่ายแล้ว,,,,,,,
เดอะคริส 3,วางโครงข่ายแล้ว,,,,,,เชื่อมโครงข่ายแล้ว,เชื่อมโครงข่ายแล้ว,,
แฟมมิลี่ ปาร์ค ทาวเวอร์ ดี,วางโครงข่ายแล้ว,,,เชื่อมโครงข่ายแล้ว,,,,เชื่อมโครงข่ายแล้ว,,
แฟมมิลี่ ปาร์ค ทาวเวอร์ ดี,วางโครงข่ายแล้ว,,เชื่อมโครงข่ายแล้ว,เชื่อมโครงข่ายแล้ว,,,,เชื่อมโครงข่ายแล้ว,,
ลีโว ลาดพร้าว 18,วางโครงข่ายแล้ว,,เชื่อมโครงข่ายแล้ว,เชื่อมโครงข่ายแล้ว,,,เชื่อมโครงข่ายแล้ว,เชื่อมโครงข่ายแล้ว,,
เดอะคริส 1,วางโครงข่ายแล้ว,,เชื่อมโครงข่ายแล้ว,เชื่อมโครงข่ายแล้ว,,,,เชื่อมโครงข่ายแล้ว,,
33 ทาวเวอร์,รอเข้าดำเนินการ,,เชื่อมโครงข่ายแล้ว,,,,,,,
บ้านเอื้ออาทรบางโฉลง 4 (อาคาร 42-65),วางโครงข่ายแล้ว,,,,,,,,,
ฮาเว่น ลุกซ์,วางโครงข่ายแล้ว,,เชื่อมโครงข่ายแล้ว,,เชื่อมโครงข่ายแล้ว,,,เชื่อมโครงข่ายแล้ว,,
เลิศอุบล สกาย ไลฟ์ ทาวเวอร์,วางโครงข่ายแล้ว,,,,,,,เชื่อมโครงข่ายแล้ว,,
อีควิน็อคซ์ พหล-วิภา,วางโครงข่ายแล้ว,,เชื่อมโครงข่ายแล้ว,,,,,เชื่อมโครงข่ายแล้ว,,
เดอะรูม สุขุมวิท 64,วางโครงข่ายแล้ว,,,เชื่อมโครงข่ายแล้ว,เชื่อมโครงข่ายแล้ว,,,,,
เดอะคิวบ์ ประชาอุทิศ อาคารเอ,กำลังสร้างพร้อมโครงการฯ,,เชื่อมโครงข่ายแล้ว,,,,,,,
THE POSH 12 (บริษัท กนกกร พัฒนา จำกัด),วางโครงข่ายแล้ว,,,,,,เชื่อมโครงข่ายแล้ว,ทรู วางโครงข่ายเอง,,
ศุภาลัย ปาร์ค แยกเกษตร,วางโครงข่ายแล้ว,,,,,,,,,
บัณฑิตอินเตอร์ทาวน์ 8,วางโครงข่ายแล้ว,,,,,,,,,
บัณฑิตอินเตอร์ทาวน์ 11,วางโครงข่ายแล้ว,,,,,,,,,
บัณฑิตอินเตอร์ทาวน์ 12,วางโครงข่ายแล้ว,,เชื่อมโครงข่ายแล้ว,เชื่อมโครงข่ายแล้ว,,,,,,
ซิลเวอร์ เฮอริเทจ,วางโครงข่ายแล้ว,,,,,,,,,
เอ เอ็ม เอฟ คอนโดมิเนียม,วางโครงข่ายแล้ว,,,เชื่อมโครงข่ายแล้ว,เชื่อมโครงข่ายแล้ว,,เชื่อมโครงข่ายแล้ว,เชื่อมโครงข่ายแล้ว,,
"พรีม่า ศรีนครินทร์ (A:188,B:106,C:152,D:75)",วางโครงข่ายแล้ว,,เชื่อมโครงข่ายแล้ว,,,,เชื่อมโครงข่ายแล้ว,ทรู วางโครงข่ายเอง,,
ลุมพินี เพลส รัชดา-ท่าพระ,วางโครงข่ายแล้ว,,เชื่อมโครงข่ายแล้ว,เชื่อมโครงข่ายแล้ว,,,,,,
เออร์บิเทีย ทองหล่อ,วางโครงข่ายแล้ว,,,,เชื่อมโครงข่ายแล้ว,,,เชื่อมโครงข่ายแล้ว,,
ปทุมวันเพลส,วางโครงข่ายแล้ว,,,เชื่อมโครงข่ายแล้ว,,,เชื่อมโครงข่ายแล้ว,,,
อิลีเม้นท์ ศรีนครินทร์ 3     ,วางโครงข่ายแล้ว,,,เชื่อมโครงข่ายแล้ว,,,เชื่อมโครงข่ายแล้ว,,,
อิลีเม้นท์ ศรีนครินทร์ 4-5,สร้างพร้อมโครงการฯ,,,เชื่อมโครงข่ายแล้ว,,,,เชื่อมโครงข่ายแล้ว,,
LAVIQ SUKHUMVIT 57 (บ.เรียลแอสเสท อีเวลลอปเม้นท์),วางโครงข่ายแล้ว,,,,เชื่อมโครงข่ายแล้ว,,,,,
แกรนด์ ดานา ทาวเวอร์,วางโครงข่ายแล้ว,,,,,,,,,
วิภาวดี วิว,วางโครงข่ายแล้ว,,,เชื่อมโครงข่ายแล้ว,,,,เชื่อมโครงข่ายแล้ว,,
ไอดีโอคิว ราชเทวี,วางโครงข่ายแล้ว,,เชื่อมโครงข่ายแล้ว,,,,เชื่อมโครงข่ายแล้ว,,,
เมโทรสกาย ประชาชืน,วางโครงข่ายแล้ว,,เชื่อมโครงข่ายแล้ว,เชื่อมโครงข่ายแล้ว,,,เชื่อมโครงข่ายแล้ว,,,
เดอะนิช ไอดี ลาดพร้าว-วังหิน อาคารเอ และอาคารบี,วางโครงข่ายแล้ว,,,,เชื่อมโครงข่ายแล้ว,,เชื่อมโครงข่ายแล้ว,,,
ศุภาลัย ซิตี้ รีสอร์ท รัชโยธิน-พหลโยธิน 32,วางโครงข่ายแล้ว,,,,เชื่อมโครงข่ายแล้ว,      ,เชื่อมโครงข่ายแล้ว,เชื่อมโครงข่ายแล้ว,,
แอสปาย ลาดพร้าว 113,วางโครงข่ายแล้ว,,เชื่อมโครงข่ายแล้ว,,เชื่อมโครงข่ายแล้ว,,เชื่อมโครงข่ายแล้ว,เชื่อมโครงข่ายแล้ว,,
บางกะปิ คอนโดทาวน์ อาคาร บี,วางโครงข่ายแล้ว,,เชื่อมโครงข่ายแล้ว,เชื่อมโครงข่ายแล้ว,เชื่อมโครงข่ายแล้ว,,,,,
เดอะรอยัล วิภาวดี,วางโครงข่ายแล้ว,,TOT วางโครงข่ายเอง,,,,,เชื่อมโครงข่ายแล้ว,,
วิลล่า สาทร,วางโครงข่ายแล้ว,,,เชื่อมโครงข่ายแล้ว,,,,เชื่อมโครงข่ายแล้ว,,
VIP Condominium (บ. เอส อี เอสเตท จก.),วางโครงข่ายแล้ว,,เชื่อมโครงข่ายแล้ว,เชื่อมโครงข่ายแล้ว,,,,,,
บัณฑิตอินเตอร์ทาวน์ 7,สร้างพร้อมโครงการฯ,,,,,,,เชื่อมโครงข่ายแล้ว,,
The Excel Hideaway สุขุมวิท 50 All Inspire Development Public (บ.ออลล์ อินสไปร์-ฮูซิเออร์ สุขุมวิท 50 จก.),สร้างพร้อมโครงการฯ,,เชื่อมโครงข่ายแล้ว,,,,,,,
Riser RAMA 9 (บ.ออลล์ อินสไปร์ ดีเวลลอปเม้นท์ จก(มหาชน),วางโครงข่ายแล้ว,,เชื่อมโครงข่ายแล้ว,เชื่อมโครงข่ายแล้ว,,,เชื่อมโครงข่ายแล้ว,,,
เมโทรลักซ์  รัชดา,วางโครงข่ายแล้ว,,เชื่อมโครงข่ายแล้ว,เชื่อมโครงข่ายแล้ว,เชื่อมโครงข่ายแล้ว,,,,,
คอนโด ซิตี้สมาร์ท,วางโครงข่ายแล้ว,,,เชื่อมโครงข่ายแล้ว,,,,เชื่อมโครงข่ายแล้ว,,
เอกสินเพลส,วางโครงข่ายแล้ว,,เชื่อมโครงข่ายแล้ว,เชื่อมโครงข่ายแล้ว,,,,,,
สุขุมวิท พลัส คอนโดมิเนียม,วางโครงข่ายแล้ว,,เชื่อมโครงข่ายแล้ว,เชื่อมโครงข่ายแล้ว,,,,,,
ตลาดบองมาร์เช่ (ห้างหุ้นส่วนจำกัด รัจนาการ 2530) ,วางโครงข่ายแล้ว,,เชื่อมโครงข่ายแล้ว,เชื่อมโครงข่ายแล้ว,,,,เชื่อมโครงข่ายแล้ว,,
S5 By SW ( บริษัท เอส.เค.ทู จำกัด( ลาดพร้าว 80 แยก 5-2)),วางโครงข่ายแล้ว,,,เชื่อมโครงข่ายแล้ว,,,,วางโครงข่ายแล้ว,,
เดอะกรีน 3 คอนโดมิเนียม,วางโครงข่ายแล้ว,,เชื่อมโครงข่ายแล้ว,เชื่อมโครงข่ายแล้ว,,,,เชื่อมโครงข่ายแล้ว,,
เอส คอนโด สุขุมวิท 50,วางโครงข่ายแล้ว,,,,,,เชื่อมโครงข่ายแล้ว,,,
ลุมพินี พาร์ค พระราม 9 - รัชดา  ,วางโครงข่ายแล้ว,,,,เชื่อมโครงข่ายแล้ว,,,,,
รีเจ้นท์ ออคิด คอนโด  ,วางโครงข่ายแล้ว,,,เชื่อมโครงข่ายแล้ว,เชื่อมโครงข่ายแล้ว,,,เชื่อมโครงข่ายแล้ว,,
ออริจินส์ พระราม 2,วางโครงข่ายแล้ว,,เชื่อมโครงข่ายแล้ว,,,,เชื่อมโครงข่ายแล้ว,เชื่อมโครงข่ายแล้ว,,
ดับบิว.พี.เซ็นทรัล คอนโดมิเนียม 302,วางโครงข่ายแล้ว,,เชื่อมโครงข่ายแล้ว,,,,เชื่อมโครงข่ายแล้ว,,,
เฮ้าส์ 23 รัชดา-ลาดพร้าว,วางโครงข่ายแล้ว,,,เชื่อมโครงข่ายแล้ว,,,,เชื่อมโครงข่ายแล้ว,,
บ้านปิยะ สาธร,วางโครงข่ายแล้ว,,เชื่อมโครงข่ายแล้ว,เชื่อมโครงข่ายแล้ว,,,ดำเนิการแล้วเสร็จ,,,
"ฟลอราวิลล์ (ตึก C, D)",กำลังสร้างพร้อมโครงการฯ,,เชื่อมโครงข่ายแล้ว,เชื่อมโครงข่ายแล้ว,,,,,,
Groove Condo Ratchada-Ladprao,วางโครงข่ายแล้ว,,เชื่อมโครงข่ายแล้ว,เชื่อมโครงข่ายแล้ว,,,,,,
B-CONDO,วางโครงข่ายแล้ว,,,,,,,,,
เอื้ออาทร บางนา นิติ 5 (ตึก 86 - 109),รอเข้าดำเนินการ,,เชื่อมโครงข่ายแล้ว,,เชื่อมโครงข่ายแล้ว,,,,,
บ้านเอื้ออาทรสายไหม 2 (ตึก 27 - 53),วางโครงข่ายแล้ว,,TOT วางโครงข่ายเอง,,,,,,,
สถิตภิรมย์,วางโครงข่ายแล้ว,,เชื่อมโครงข่ายแล้ว,เชื่อมโครงข่ายแล้ว,,,,เชื่อมโครงข่ายแล้ว,,
แฟมมิลี่ คอนโดมิเนียม,วางโครงข่ายแล้ว,,,เชื่อมโครงข่ายแล้ว,,,,เชื่อมโครงข่ายแล้ว,,
เดอะ รีโว ลาดพร้าว 48,วางโครงข่ายแล้ว,,,,เชื่อมโครงข่ายแล้ว,,เชื่อมโครงข่ายแล้ว,เชื่อมโครงข่ายแล้ว,,
พลัม พหลโยธิน 89 เฟส 3,วางโครงข่ายแล้ว,,เชื่อมโครงข่ายแล้ว,เชื่อมโครงข่ายแล้ว,,,,,,
ลาดพร้าว คอนโดทาวน์,วางโครงข่ายแล้ว,,,,,,,,,
ประสานมิตร  คอนโดมิเนียม,วางโครงข่ายแล้ว,,,เชื่อมโครงข่ายแล้ว,,,,เชื่อมโครงข่ายแล้ว,,
บัดเจท คอนโด ติวานนท์ 3,วางโครงข่ายแล้ว,,,เชื่อมโครงข่ายแล้ว,,,,เชื่อมโครงข่ายแล้ว,,
Moon Tower Condominium,วางโครงข่ายแล้ว,,,เชื่อมโครงข่ายแล้ว,,,,เชื่อมโครงข่ายแล้ว,,
ไฮฟ์ ตากสิน,วางโครงข่ายแล้ว,,,เชื่อมโครงข่ายแล้ว,,,,เชื่อมโครงข่ายแล้ว,,
เดอะ พาร์คแลนด์  รัชดา-วงศ์สว่าง,วางโครงข่ายแล้ว,,เชื่อมโครงข่ายแล้ว,เชื่อมโครงข่ายแล้ว,,,,,,
มา เมซอง คอนโดมิเนียม,วางโครงข่ายแล้ว,,,,,,,,,
บ้านประชานิเวศน์  2,วางโครงข่ายแล้ว,,,เชื่อมโครงข่ายแล้ว,เชื่อมโครงข่ายแล้ว,,,เชื่อมโครงข่ายแล้ว,,
ยู ดีไลท์  แอท หัวหมาก สเตชั่น,วางโครงข่ายแล้ว,,เชื่อมโครงข่ายแล้ว,,เชื่อมโครงข่ายแล้ว,,เชื่อมโครงข่ายแล้ว,เชื่อมโครงข่ายแล้ว,,
บางกะปิ คอนโดทาวน์ อาคาร ดี,วางโครงข่ายแล้ว,,,เชื่อมโครงข่ายแล้ว,เชื่อมโครงข่ายแล้ว,,,เชื่อมโครงข่ายแล้ว,,
เดอะ ไพรม 11 สุขุมวิท,วางโครงข่ายแล้ว,,เชื่อมโครงข่ายแล้ว,เชื่อมโครงข่ายแล้ว,,,,เชื่อมโครงข่ายแล้ว,,
เดอะกรีน 2 คอนโดมิเนียม,วางโครงข่ายแล้ว,,,เชื่อมโครงข่ายแล้ว,เชื่อมโครงข่ายแล้ว,,,เชื่อมโครงข่ายแล้ว,,
วิลล่า ราชเทวี,วางโครงข่ายแล้ว,,,เชื่อมโครงข่ายแล้ว,,,,,,
ไอดีโอ มอร์ฟ 38 คอนโดมิเนียม อาคารบี,วางโครงข่ายแล้ว,,เชื่อมโครงข่ายแล้ว,เชื่อมโครงข่ายแล้ว,,,เชื่อมโครงข่ายแล้ว,,,
อิลิเม้นท์ ศรีนครินทร์ 1-2,วางโครงข่ายแล้ว,,เชื่อมโครงข่ายแล้ว,เชื่อมโครงข่ายแล้ว,,,เชื่อมโครงข่ายแล้ว,,,
รัชอาภา ทาวเวอร์,วางโครงข่ายแล้ว,,เชื่อมโครงข่ายแล้ว,เชื่อมโครงข่ายแล้ว,,,,เชื่อมโครงข่ายแล้ว,,
บจก.เอ พลัส เรียลเอสเตท โครงการ ASHER.4,วางโครงข่ายแล้ว,,,เชื่อมโครงข่ายแล้ว,,,,เชื่อมโครงข่ายแล้ว,,
บจก.เอ พลัส เรียลเอสเตท โครงการ ASHER.5,วางโครงข่ายแล้ว,,เชื่อมโครงข่ายแล้ว,เชื่อมโครงข่ายแล้ว,เชื่อมโครงข่ายแล้ว,,เชื่อมโครงข่ายแล้ว,,,
เดอะคิทท์ พลัส นวมินทร์,วางโครงข่ายแล้ว,,เชื่อมโครงข่ายแล้ว,เชื่อมโครงข่ายแล้ว,วางโครงข่ายแล้ว,,,เชื่อมโครงข่ายแล้ว,,
บจก.วัน ลีฟวิ่ง ดีเวลลอปเม้นท์ โครงการ Miti Chiva Kaset Stations,กำลังสร้างพร้อมโครงการฯ,,,เชื่อมโครงข่ายแล้ว,,,เชื่อมโครงข่ายแล้ว,เชื่อมโครงข่ายแล้ว,,
บจก. รีเจ้นท์ กรีน  เพาเวอร์ โครงการ Regent home bangson phase 28,วางโครงข่ายแล้ว,,เชื่อมโครงข่ายแล้ว,เชื่อมโครงข่ายแล้ว,,,,เชื่อมโครงข่ายแล้ว,,
บจก. รีเจ้นท์ กรีน  เพาเวอร์ โครงการ Regent home  Sukhumvit 97/1,วางโครงข่ายแล้ว,,เชื่อมโครงข่ายแล้ว,,,,,,,
เอื้ออาทร บางนา นิติ 1 (ตึก 1 - 16),วางโครงข่ายแล้ว,,เชื่อมโครงข่ายแล้ว,,,,,,,
เอื้ออาทร บางนา นิติ 4 (ตึก 61 - 85),วางโครงข่ายแล้ว,,เชื่อมโครงข่ายแล้ว,,,,,,,
เอื้ออาทร บางนา นิติ 6 (ตึก 110- 130),วางโครงข่ายแล้ว,,เชื่อมโครงข่ายแล้ว,,,,,เชื่อมโครงข่ายแล้ว,,
แกรนด์ พาร์ควิว อโศก,วางโครงข่ายแล้ว,,,เชื่อมโครงข่ายแล้ว,,,,เชื่อมโครงข่ายแล้ว,,
เลอ รัฟฟิเน่,วางโครงข่ายแล้ว,,,เชื่อมโครงข่ายแล้ว,,,,เชื่อมโครงข่ายแล้ว,,
ดิไอริส อาคารจี,วางโครงข่ายแล้ว,,,เชื่อมโครงข่ายแล้ว,เชื่อมโครงข่ายแล้ว,,,,,
เดอะเน็กซ์ การ์เด้นท์ สูท,วางโครงข่ายแล้ว,,,รอเข้าดำเนินการ,,,,เชื่อมโครงข่ายแล้ว,,
บจก. 101 เรียลเอสเตท  (กรีนวิวล์ 1),วางโครงข่ายแล้ว,,,รอเข้าดำเนินการ,,,,เชื่อมโครงข่ายแล้ว,,
บจก. กรีน เรียลเอสเตท (กรีนวิวล์ 2),วางโครงข่ายแล้ว,,เชื่อมโครงข่ายแล้ว,เชื่อมโครงข่ายแล้ว,เชื่อมโครงข่ายแล้ว,,,เชื่อมโครงข่ายแล้ว,,
ภัทรศรีพัฒน์ ทาวเวอร์,วางโครงข่ายแล้ว,,เชื่อมโครงข่ายแล้ว,เชื่อมโครงข่ายแล้ว,,,,เชื่อมโครงข่ายแล้ว,,
บจก.เอเบิ้ล แอสเสท กรุ๊ป โครงการ ลีสส์ รัชโยธิน คอนโดมิเนียม,วางโครงข่ายแล้ว,,,เชื่อมโครงข่ายแล้ว,,,,เชื่อมโครงข่ายแล้ว,,
หรรษา ราชดำริ   (บริษัท สมหรรษา จำกัด (สาขาที่ 00004) ,วางโครงข่ายแล้ว,,,เชื่อมโครงข่ายแล้ว,,,,,,
เดอะ เพรสซิเด้นท์ สุขุมวิท 81 อาคาร เอ ,วางโครงข่ายแล้ว,,,รอเข้าดำเนินการ,,,,,,
เดอะ เพรสซิเดนท์ สุขุมวิท 81 อาคาร บี ,วางโครงข่ายแล้ว,,,เชื่อมโครงข่ายแล้ว,,,,เชื่อมโครงข่ายแล้ว,,
เดอะแบงค๊อค สุขุมวิท 61,วางโครงข่ายแล้ว,,,เชื่อมโครงข่ายแล้ว,,,เชื่อมโครงข่ายแล้ว,เชื่อมโครงข่ายแล้ว,,
บางกะปิ คอนโดทาวน์ อาคาร เอ,วางโครงข่ายแล้ว,,,เชื่อมโครงข่ายแล้ว,เชื่อมโครงข่ายแล้ว,,,,,
นิรันดร์เรซิเดนซ์ 1 (อาคาร เอ)  ,วางโครงข่ายแล้ว,,,เชื่อมโครงข่ายแล้ว,,,,,,
นิรันดร์เรซิเดนซ์ 1 (อาคาร บี)  ,วางโครงข่ายแล้ว,,,เชื่อมโครงข่ายแล้ว,เชื่อมโครงข่ายแล้ว,,,เชื่อมโครงข่ายแล้ว,,
นิรันดร์เรซิเดนซ์ 1 (อาคาร ซี)  ,วางโครงข่ายแล้ว,,,เชื่อมโครงข่ายแล้ว,เชื่อมโครงข่ายแล้ว,,,เชื่อมโครงข่ายแล้ว,,
นิรันดร์เรซิเดนซ์ 1 (อาคาร ดี)  ,วางโครงข่ายแล้ว,,,เชื่อมโครงข่ายแล้ว,,,,,,
นิรันดร์เรซิเดนซ์ 1 (อาคาร อี)  ,วางโครงข่ายแล้ว,,,เชื่อมโครงข่ายแล้ว,,,,เชื่อมโครงข่ายแล้ว,,
นิรันดร์เรซิเดนซ์ 1 (อาคาร เอฟ)  ,วางโครงข่ายแล้ว,,,เชื่อมโครงข่ายแล้ว,,,,,,
นิรันดร์เรซิเดนซ์ 1 (อาคาร เอช)  ,วางโครงข่ายแล้ว,,,รอเข้าดำเนินการ,เชื่อมโครงข่ายแล้ว,,,,,
นิรันดร์เรซิเดนซ์ 1 (อาคาร เจ)  ,วางโครงข่ายแล้ว,,,เชื่อมโครงข่ายแล้ว,เชื่อมโครงข่ายแล้ว,,,,,
บีพลัส คอนโด พหลโยธิน 50 -สะพานใหม่ (บจก.กู๊ดโอม เฮ้าส์ซิ่ง),วางโครงข่ายแล้ว,,เชื่อมโครงข่ายแล้ว,เชื่อมโครงข่ายแล้ว,,,,เชื่อมโครงข่ายแล้ว,,
ลุมพินี วิลล์  พหล-สุทธิสาร,วางโครงข่ายแล้ว,,เชื่อมโครงข่ายแล้ว,เชื่อมโครงข่ายแล้ว,,,,เชื่อมโครงข่ายแล้ว,,
คอนโดวันเอ็กซ์ สาทร-นราธิวาส,วางโครงข่ายแล้ว,,,,,,,เชื่อมโครงข่ายแล้ว,,
นิรันดร์เรซิเดนซ์ 1 (อาคาร เค)  ,วางโครงข่ายแล้ว,,,เชื่อมโครงข่ายแล้ว,เชื่อมโครงข่ายแล้ว,,,,,
ดิ เอสเคป คอนโด อาคาร บี         ,วางโครงข่ายแล้ว,,,เชื่อมโครงข่ายแล้ว,,,,เชื่อมโครงข่ายแล้ว,,
ศุภาวรรณ  เวนิส คอนโด อาคาร อี   ,วางโครงข่ายแล้ว,,เชื่อมโครงข่ายแล้ว,,,,,,,
พาร์ค เรสซิเดนซ์ แอท พหลโยธิน 67 อาคาร 1   ,วางโครงข่ายแล้ว,,,เชื่อมโครงข่ายแล้ว,,,,เชื่อมโครงข่ายแล้ว,,
เดอะ สเตจ เตาปูน อินเตอร์เชนจ์,วางโครงข่ายแล้ว,,,เชื่อมโครงข่ายแล้ว,,,,เชื่อมโครงข่ายแล้ว,,
เดอะนีส โมโน บางนา อาคารซี ดี,วางโครงข่ายแล้ว,,,,,,,เชื่อมโครงข่ายแล้ว,,
บางกะปิ คอนโดทาวน์ อาคาร อี,วางโครงข่ายแล้ว,,,,,,เชื่อมโครงข่ายแล้ว,,,
วีคอนโด เฟส เอ,วางโครงข่ายแล้ว,,,เชื่อมโครงข่ายแล้ว,เชื่อมโครงข่ายแล้ว,,,,,
ลุมพินี วิลล์ บางแค,วางโครงข่ายแล้ว,,เชื่อมโครงข่ายแล้ว,,,,,เชื่อมโครงข่ายแล้ว,,
ลุมพินี วิลล์ ประชาชืน-พงษ์เพชร 1,วางโครงข่ายแล้ว,,,,,,,,,
ลุมพินี พาร์ค นวมินทร์-ศรีบูรพา,วางโครงข่ายแล้ว,,เชื่อมโครงข่ายแล้ว,,,,,,,
พัฒนฉัตรเพลส,วางโครงข่ายแล้ว,,,เชื่อมโครงข่ายแล้ว,,,,เชื่อมโครงข่ายแล้ว,,
ริทึ่ม อโศก,วางโครงข่ายแล้ว,,,,,,,เชื่อมโครงข่ายแล้ว,,
เดอะ คิวบ์ นวมินทร์-รามอินทรา,วางโครงข่ายแล้ว,,,เชื่อมโครงข่ายแล้ว,เชื่อมโครงข่ายแล้ว,,เชื่อมโครงข่ายแล้ว,,,
BAXTOR CONDOMINIUM,วางโครงข่ายแล้ว,,เชื่อมโครงข่ายแล้ว,เชื่อมโครงข่ายแล้ว,,,,,,
ณ็องเชลิเช่ อเวนิว บี,วางโครงข่ายแล้ว,,,เชื่อมโครงข่ายแล้ว,,,,,,
ลำสาลี แมนชั่น,วางโครงข่ายแล้ว,,,เชื่อมโครงข่ายแล้ว,เชื่อมโครงข่ายแล้ว,,เชื่อมโครงข่ายแล้ว,,,
เดอะพอยท์,วางโครงข่ายแล้ว,,,เชื่อมโครงข่ายแล้ว,,,,,,
ลุมพินี คอนโดทาวน์ ร่มเกล้า-สุวรรณภูมิ,วางโครงข่ายแล้ว,,,,เชื่อมโครงข่ายแล้ว,,เชื่อมโครงข่ายแล้ว,เชื่อมโครงข่ายแล้ว,,
ลุมพินี คอนโดทาวน์ นิด้า-เสรีไทย,วางโครงข่ายแล้ว,,,รอเข้าดำเนินการ,,,,เชื่อมโครงข่ายแล้ว,,
ลุมพินี คอนโดทาวน์ นิด้า-เสรีไทย2,วางโครงข่ายแล้ว,,เชื่อมโครงข่ายแล้ว,รอเข้าดำเนินการ,,,,,,
เดอะพาโน พระราม 3,วางโครงข่ายแล้ว,,เชื่อมโครงข่ายแล้ว,เชื่อมโครงข่ายแล้ว,,,,กำลังดำเนินการ,,
โมดิซ  สเตชั่น,วางโครงข่ายแล้ว,,,เชื่อมโครงข่ายแล้ว,,,,,,
ศุภวรรณ ริเวอร์เพรส อาคาร ดี,วางโครงข่ายแล้ว,,,,,,,เชื่อมโครงข่ายแล้ว,,
ทรัพย์แก้ว ทาวเวอร์,วางโครงข่ายแล้ว,,เชื่อมโครงข่ายแล้ว,,,,,,,
คลองจั่นเพลส,วางโครงข่ายแล้ว,,,รอเข้าดำเนินการ,,,เชื่อมโครงข่ายแล้ว,เชื่อมโครงข่ายแล้ว,,
ปิ่นเกล้า ริเวอร์ พาร์ควิว,วางโครงข่ายแล้ว,,,,เชื่อมโครงข่ายแล้ว,,,เชื่อมโครงข่ายแล้ว,,
ลุมพินี วิลล์ รามคำแหง 26,วางโครงข่ายแล้ว,,เชื่อมโครงข่ายแล้ว,,,,,,,
ออมนิ คอมเพล็กซ์,วางโครงข่ายแล้ว,,,,,,,,,
ทองประกาย คอนโดเทล อาคาร บี,วางโครงข่ายแล้ว,,,เชื่อมโครงข่ายแล้ว,เชื่อมโครงข่ายแล้ว,,,,,
พบสุข 2,วางโครงข่ายแล้ว,,เชื่อมโครงข่ายแล้ว,เชื่อมโครงข่ายแล้ว,เชื่อมโครงข่ายแล้ว,,,,,
ชาโตว์ อินทาวน์ รัชดา 19,วางโครงข่ายแล้ว,,เชื่อมโครงข่ายแล้ว,เชื่อมโครงข่ายแล้ว,,,,,,
ปทุมวันรีสอร์ท,วางโครงข่ายแล้ว,,,เชื่อมโครงข่ายแล้ว,,,,เชื่อมโครงข่ายแล้ว,,
เซอราโน่ คอนโดมิเนียม,วางโครงข่ายแล้ว,,,เชื่อมโครงข่ายแล้ว,เชื่อมโครงข่ายแล้ว,,,เชื่อมโครงข่ายแล้ว,,
เทพลีลา คอนโดทาวน์      ,วางโครงข่ายแล้ว,,เชื่อมโครงข่ายแล้ว,เชื่อมโครงข่ายแล้ว,,,เชื่อมโครงข่ายแล้ว,เชื่อมโครงข่ายแล้ว,,
ศุภาลัย ปาร์ค 3    ,วางโครงข่ายแล้ว,,,เชื่อมโครงข่ายแล้ว,เชื่อมโครงข่ายแล้ว,,,เชื่อมโครงข่ายแล้ว,,
เจ ดับบลิว บูเลอวาร์ด อาคารเอและอาคารบี        ,วางโครงข่ายแล้ว,,เชื่อมโครงข่ายแล้ว,เชื่อมโครงข่ายแล้ว,เชื่อมโครงข่ายแล้ว,,,เชื่อมโครงข่ายแล้ว,,
สมคิดการ์เด้นส์คอนโดมิเนียม ,วางโครงข่ายแล้ว,,เชื่อมโครงข่ายแล้ว,เชื่อมโครงข่ายแล้ว,,,,เชื่อมโครงข่ายแล้ว,,
เดอะคริส 4,วางโครงข่ายแล้ว,,,,,,เชื่อมโครงข่ายแล้ว,เชื่อมโครงข่ายแล้ว,,
รัชดา เพรสทีจ,วางโครงข่ายแล้ว,,,เชื่อมโครงข่ายแล้ว,เชื่อมโครงข่ายแล้ว,,,เชื่อมโครงข่ายแล้ว,,
เกษกมลคอนโดทาวน์ โครงการ 2,วางโครงข่ายแล้ว,,เชื่อมโครงข่ายแล้ว,,เชื่อมโครงข่ายแล้ว,,,,,
อินทามระเพลส,วางโครงข่ายแล้ว,,,,,,,,,
บ้านรัชโยธิน,วางโครงข่ายแล้ว,,,เชื่อมโครงข่ายแล้ว,,,เชื่อมโครงข่ายแล้ว,,,
พัทธมน คอนโดทาวน์ อาคารเอ,วางโครงข่ายแล้ว,,,เชื่อมโครงข่ายแล้ว,เชื่อมโครงข่ายแล้ว,,,,,
เพชรไพลินคอนโดทาวน์,วางโครงข่ายแล้ว,,,เชื่อมโครงข่ายแล้ว,เชื่อมโครงข่ายแล้ว,,,เชื่อมโครงข่ายแล้ว,,
ธนาทาวเวอร์,วางโครงข่ายแล้ว,,,เชื่อมโครงข่ายแล้ว,,,,,,
ซิตี้ วิลล่า 4,วางโครงข่ายแล้ว,,,เชื่อมโครงข่ายแล้ว,,,,เชื่อมโครงข่ายแล้ว,,
ฝักข้าวโพด 3,วางโครงข่ายแล้ว,,,เชื่อมโครงข่ายแล้ว,เชื่อมโครงข่ายแล้ว,,,เชื่อมโครงข่ายแล้ว,,
Life Sukhumvit 48,วางโครงข่ายแล้ว,,,เชื่อมโครงข่ายแล้ว,,,,เชื่อมโครงข่ายแล้ว,,
รีเจ้นท์พัฒนาการ อาคารชุด 3,วางโครงข่ายแล้ว,,,,เชื่อมโครงข่ายแล้ว,,,,,
เซ็นจูรี่ ปาร์ค,วางโครงข่ายแล้ว,,,เชื่อมโครงข่ายแล้ว,,,,,,
ลุมพินี วิลล์ อ่อนนุช 46 ซีดี,วางโครงข่ายแล้ว,,,,,,,,,
บางนาเพลซ,วางโครงข่ายแล้ว,,,เชื่อมโครงข่ายแล้ว,เชื่อมโครงข่ายแล้ว,,,,,
ภูมิสุขคอนโด,วางโครงข่ายแล้ว,,,เชื่อมโครงข่ายแล้ว,,,,,,
เอื้ออาทรแพรกษา 1,วางโครงข่ายแล้ว,,,,,,,,,
เคหะชุมชนร่มเกล้า 2,วางโครงข่ายแล้ว,,,,เชื่อมโครงข่ายแล้ว,,,,,
เคหะชุมชนร่มเกล้า 8,วางโครงข่ายแล้ว,,เชื่อมโครงข่ายแล้ว,,เชื่อมโครงข่ายแล้ว,,,,,
ไลฟ์ แอด รัชดา,วางโครงข่ายแล้ว,,เชื่อมโครงข่ายแล้ว,เชื่อมโครงข่ายแล้ว,,,เชื่อมโครงข่ายแล้ว,เชื่อมโครงข่ายแล้ว,,
ศุภาลัย พรีมา ริวา ,วางโครงข่ายแล้ว,,เชื่อมโครงข่ายแล้ว,เชื่อมโครงข่ายแล้ว,,,,เชื่อมโครงข่ายแล้ว,,
บจ.กลางกรุง รีสอร์ท A1,วางโครงข่ายแล้ว,,เชื่อมโครงข่ายแล้ว,,,,,,,
ดิ โอลีแอนเดอร์,วางโครงข่ายแล้ว,,,เชื่อมโครงข่ายแล้ว,,,,,,
ซิตี้โฮม รัชดาภิเษก 1,วางโครงข่ายแล้ว,,,,,,,,,
"ลุมพินี วิลล์ อ่อนนุช 46 เอ,บี",วางโครงข่ายแล้ว,,เชื่อมโครงข่ายแล้ว,,,,,,,
บ้านสิริเธอร์ตี้วันคอนโดมิเนียม,วางโครงข่ายแล้ว,,,เชื่อมโครงข่ายแล้ว,,,,,,
กรีเน่ แจ้งวัฒนะ คอนโดมิเนียม,วางโครงข่ายแล้ว,,เชื่อมโครงข่ายแล้ว,เชื่อมโครงข่ายแล้ว,เชื่อมโครงข่ายแล้ว,,,เชื่อมโครงข่ายแล้ว,,
THE ADDRESS CHIDLOM,วางโครงข่ายแล้ว,,,เชื่อมโครงข่ายแล้ว,,,,เชื่อมโครงข่ายแล้ว,,
โหมด สุขุมวิท 61,วางโครงข่ายแล้ว,,,เชื่อมโครงข่ายแล้ว,,,,เชื่อมโครงข่ายแล้ว,,
วังหิน คอนโดมิเนียม,วางโครงข่ายแล้ว,,เชื่อมโครงข่ายแล้ว,เชื่อมโครงข่ายแล้ว,,,,,,
เมย์แฟร์ เพลส สุขุมวิท 64      ,วางโครงข่ายแล้ว,,เชื่อมโครงข่ายแล้ว,เชื่อมโครงข่ายแล้ว,,,,เชื่อมโครงข่ายแล้ว,,
หลังสวนวิลล์,วางโครงข่ายแล้ว,,เชื่อมโครงข่ายแล้ว,เชื่อมโครงข่ายแล้ว,,,,เชื่อมโครงข่ายแล้ว,,
บจก.เฟรเกรนท์ ดีเวลลอปเม้นท์ (circle sukhumvit),วางโครงข่ายแล้ว,,เชื่อมโครงข่ายแล้ว,เชื่อมโครงข่ายแล้ว,,,,,,
บมจ.เฟรเกรนท์ พร็อพเพอร์ตี้ (เซอร์เคิล ไรน์),วางโครงข่ายแล้ว,,,,,,,เชื่อมโครงข่ายแล้ว,,
บ้านเอื้ออาทรลาดกระบัง,รอเข้าดำเนินการ,,,,,,,,,
อมรพันธ์  205 แซทเทลไลน์ทาวน์ อาคารอาร์ 8,วางโครงข่ายแล้ว,,,เชื่อมโครงข่ายแล้ว,เชื่อมโครงข่ายแล้ว,,,,,
ซิตี้โฮม รัชดาภิเษก 3,วางโครงข่ายแล้ว,,,เชื่อมโครงข่ายแล้ว,,,,,,
เคหะชุมชนร่มเกล้า 1,วางโครงข่ายแล้ว,,,เชื่อมโครงข่ายแล้ว,เชื่อมโครงข่ายแล้ว,,,,,
Signature Apartment,วางโครงข่ายแล้ว,,เชื่อมโครงข่ายแล้ว,เชื่อมโครงข่ายแล้ว,,,,,,
ไดมอนด์ รัชดา    ,วางโครงข่ายแล้ว,,เชื่อมโครงข่ายแล้ว,เชื่อมโครงข่ายแล้ว,เชื่อมโครงข่ายแล้ว,,,เชื่อมโครงข่ายแล้ว,,
ไลฟ์ แอทบีทีเอส ท่าพระ,วางโครงข่ายแล้ว,,เชื่อมโครงข่ายแล้ว,,,,,เชื่อมโครงข่ายแล้ว,,
มายสตอรี่ ลาดพร้าว 71,วางโครงข่ายแล้ว,,,,,,,,,
โมดิซ  ลาดพร้าว 18,วางโครงข่ายแล้ว,,เชื่อมโครงข่ายแล้ว,เชื่อมโครงข่ายแล้ว,เชื่อมโครงข่ายแล้ว,,,เชื่อมโครงข่ายแล้ว,,
ลุมพินี เพลส พระราม 3-เจริญกรุง,วางโครงข่ายแล้ว,,เชื่อมโครงข่ายแล้ว,เชื่อมโครงข่ายแล้ว,เชื่อมโครงข่ายแล้ว,,,เชื่อมโครงข่ายแล้ว,,
ณ็องเชลิเช่ อเวนิว ซี,วางโครงข่ายแล้ว,,,เชื่อมโครงข่ายแล้ว,,,,,,
ซิตี้โฮม รัชดาภิเษก 2,วางโครงข่ายแล้ว,,เชื่อมโครงข่ายแล้ว,,,,,,,
ยู ดีไลท์ แอท ห้วยขวาง สเตชั่น,วางโครงข่ายแล้ว,,เชื่อมโครงข่ายแล้ว,เชื่อมโครงข่ายแล้ว,,,,เชื่อมโครงข่ายแล้ว,,
แบงค์คอก เฟลิซ รัชโยธิน,วางโครงข่ายแล้ว,,,,เชื่อมโครงข่ายแล้ว,,,,,
ริมน้ำคอนโด อาคารเอ,วางโครงข่ายแล้ว,,,เชื่อมโครงข่ายแล้ว,เชื่อมโครงข่ายแล้ว,,,,,
ริมน้ำคอนโด อาคารบี,วางโครงข่ายแล้ว,,,เชื่อมโครงข่ายแล้ว,เชื่อมโครงข่ายแล้ว,,,,,
บ้านสุโขทัย 2 (ตึก 1- 10),วางโครงข่ายแล้วบางตึก,,เชื่อมโครงข่ายแล้ว,เชื่อมโครงข่ายแล้ว,เชื่อมโครงข่ายแล้ว,,,,,
พลัม พหลโยธิน 89 เฟส 5,วางโครงข่ายแล้ว,,เชื่อมโครงข่ายแล้ว,,เชื่อมโครงข่ายแล้ว,,เชื่อมโครงข่ายแล้ว,เชื่อมโครงข่ายแล้ว,,
เซนส์ พหลโยธิน,วางโครงข่ายแล้ว,,,เชื่อมโครงข่ายแล้ว,เชื่อมโครงข่ายแล้ว,,,เชื่อมโครงข่ายแล้ว,,
รีเจ้นท์โฮม สุขุมวิท 81,วางโครงข่ายแล้ว,,,เชื่อมโครงข่ายแล้ว,เชื่อมโครงข่ายแล้ว,,,,,
ฉัตรลดา 2,วางโครงข่ายแล้ว,,,เชื่อมโครงข่ายแล้ว,เชื่อมโครงข่ายแล้ว,,,,,
เอ สเปซ ไอ.ดี.อโศก-รัชดา,วางโครงข่ายแล้ว,,,เชื่อมโครงข่ายแล้ว,เชื่อมโครงข่ายแล้ว,,,เชื่อมโครงข่ายแล้ว,,
นิรันดร์เรซิเดนซ์ 4 อาคาร ซี-ดี,วางโครงข่ายแล้ว,,,เชื่อมโครงข่ายแล้ว,,,,,,
Aliss ติวานนท์ อาคาร A,วางโครงข่ายแล้ว,,,,เชื่อมโครงข่ายแล้ว,,,เชื่อมโครงข่ายแล้ว,,
Aliss ติวานนท์ อาคาร B,วางโครงข่ายแล้ว,,เชื่อมโครงข่ายแล้ว,,เชื่อมโครงข่ายแล้ว,,,เชื่อมโครงข่ายแล้ว,,
"แอร์ลิงค์ เรสซิเดนซ์  นิติ 1 อาคาร 1,2,3  ",วางโครงข่ายแล้ว,,เชื่อมโครงข่ายแล้ว,เชื่อมโครงข่ายแล้ว,เชื่อมโครงข่ายแล้ว,,เชื่อมโครงข่ายแล้ว,,,
"แอร์ลิงค์ เรสซิเดนซ์  นิติ 2 อาคาร 4,5   ",วางโครงข่ายแล้ว,,เชื่อมโครงข่ายแล้ว,เชื่อมโครงข่ายแล้ว,เชื่อมโครงข่ายแล้ว,,เชื่อมโครงข่ายแล้ว,,,
แอร์ลิงค์ เรสซิเดนซ์  นิติ 3 อาคาร 6      ,วางโครงข่ายแล้ว,,เชื่อมโครงข่ายแล้ว,เชื่อมโครงข่ายแล้ว,เชื่อมโครงข่ายแล้ว,,เชื่อมโครงข่ายแล้ว,,,
แอร์ลิงค์ เรสซิเดนซ์  นิติ 4 อาคาร 7   ,วางโครงข่ายแล้ว,,เชื่อมโครงข่ายแล้ว,เชื่อมโครงข่ายแล้ว,เชื่อมโครงข่ายแล้ว,,เชื่อมโครงข่ายแล้ว,,,
ดี มาร์ก คอนโด แอท สุทธิสาร,วางโครงข่ายแล้ว,,,เชื่อมโครงข่ายแล้ว,,,,เชื่อมโครงข่ายแล้ว,,
เซนต์ชาร์มคอนโดมิเนียม เฟส 1,วางโครงข่ายแล้ว,,,เชื่อมโครงข่ายแล้ว,เชื่อมโครงข่ายแล้ว,,,,,
พลัส 67 คอนโดมิเนียม,วางโครงข่ายแล้ว,,เชื่อมโครงข่ายแล้ว,เชื่อมโครงข่ายแล้ว,,,,เชื่อมโครงข่ายแล้ว,,
เคหะชุมชน นนทบุรี 3,วางโครงข่ายแล้ว,,,,,,,,,
ทรอปิคานา,วางโครงข่ายแล้ว,,,เชื่อมโครงข่ายแล้ว,เชื่อมโครงข่ายแล้ว,,,,,
โพลิส สุขสวัสดิ์ 64 (บริษัท 88โปร จำกัด),กำลังสร้างพร้อมโครงการฯ,,เชื่อมโครงข่ายแล้ว,เชื่อมโครงข่ายแล้ว,เชื่อมโครงข่ายแล้ว,,เชื่อมโครงข่ายแล้ว,เชื่อมโครงข่ายแล้ว,,
เจ.ดับบลิว.เพลส อาคาร เอ.บี.ซี.ดี    ,วางโครงข่ายแล้ว,,เชื่อมโครงข่ายแล้ว,,,,,เชื่อมโครงข่ายแล้ว,,
เดอะพีค คอนโดมิเนียม,วางโครงข่ายแล้ว,,เชื่อมโครงข่ายแล้ว,เชื่อมโครงข่ายแล้ว,เชื่อมโครงข่ายแล้ว,,,เชื่อมโครงข่ายแล้ว,,
พรีเมียร์ คอนโดมิเนียม,วางโครงข่ายแล้ว,,,เชื่อมโครงข่ายแล้ว,,,,,,
รีเจ้นท์พัฒนาการ อาคารชุด 1 (อาคาร เอ  ),วางโครงข่ายแล้ว,,,เชื่อมโครงข่ายแล้ว,เชื่อมโครงข่ายแล้ว,,,,,
เคหะชุมชนร่มเกล้า 9,วางโครงข่ายแล้ว,,เชื่อมโครงข่ายแล้ว,,เชื่อมโครงข่ายแล้ว,,,,,
คอนโด วัน เอ็กซ์ สุขุมวิท 26,วางโครงข่ายแล้ว,,,,เชื่อมโครงข่ายแล้ว,,,เชื่อมโครงข่ายแล้ว,,
ดิแอดเดรส สุขุมวิท 42 บี,วางโครงข่ายแล้ว,,,,,,,,,
เมโทร ลักซ์ พระราม 4,วางโครงข่ายแล้ว,,,,,,,,,
ทรู ทองหล่อ คอนโด,วางโครงข่ายแล้ว,,,,,,,,,
ลุมพินี วิลล์ อ่อนนุช 46  อี,วางโครงข่ายแล้ว,,,เชื่อมโครงข่ายแล้ว,,,,,,
ไอคอน 1 คอนโดมิเนียม,วางโครงข่ายแล้ว,,,,,,,,,
M Ladprao Condominium     ,วางโครงข่ายแล้ว,,,เชื่อมโครงข่ายแล้ว,,,,,,
บมจ. ออลล์ อินสไปร์ ดีเวลลอปเม้นท์ โครงการ ไรซ์ พหล-อินทามระ,วางโครงข่ายแล้ว,,,,,,,,,
โอทูฮิป     ,วางโครงข่ายแล้ว,,,เชื่อมโครงข่ายแล้ว,,,,,,
พฤษาธานีคอนโดเทล,วางโครงข่ายแล้ว,,เชื่อมโครงข่ายแล้ว,,,,,,,
เดอะวอเตอร์ฟอร์ด ไดมอนด์ สุขุมวิ 30/1,วางโครงข่ายแล้ว,,,,,,,เชื่อมโครงข่ายแล้ว,,
ซิลค์ เพลส พหลโยธิน หลักสี่,วางโครงข่ายแล้ว,,เชื่อมโครงข่ายแล้ว,เชื่อมโครงข่ายแล้ว,,,,เชื่อมโครงข่ายแล้ว,,
แฮปปี้คอนโด ลาดพร้าว101 อาคารซี,วางโครงข่ายแล้ว,,,เชื่อมโครงข่ายแล้ว,,,เชื่อมโครงข่ายแล้ว,,,
เอ็ม จตุจักร,วางโครงข่ายแล้ว,,เชื่อมโครงข่ายแล้ว,เชื่อมโครงข่ายแล้ว,,,,เชื่อมโครงข่ายแล้ว,,
ไซมิส เธอร์ตี้ไนน์,วางโครงข่ายแล้ว,,เชื่อมโครงข่ายแล้ว,เชื่อมโครงข่ายแล้ว,เชื่อมโครงข่ายแล้ว,,,เชื่อมโครงข่ายแล้ว,,
วีธารา สุขุมวิท 36,วางโครงข่ายแล้ว,,,เชื่อมโครงข่ายแล้ว,,,,,,
เดอะวัน พลัส คอนโดมิเนียม แอท ศรีนครินทร์,วางโครงข่ายแล้ว,,,เชื่อมโครงข่ายแล้ว,เชื่อมโครงข่ายแล้ว,,,,,
ไลฟ์ อโศก,วางโครงข่ายแล้ว,,เชื่อมโครงข่ายแล้ว,เชื่อมโครงข่ายแล้ว,,,,เชื่อมโครงข่ายแล้ว,,
สิริเรสซิเด้นซ์ คอนโดมิเนียม,วางโครงข่ายแล้ว,,,เชื่อมโครงข่ายแล้ว,,,,เชื่อมโครงข่ายแล้ว,,
สิริ แอท สุขุมวิท,วางโครงข่ายแล้ว,,,เชื่อมโครงข่ายแล้ว,เชื่อมโครงข่ายแล้ว,,,เชื่อมโครงข่ายแล้ว,,
อิลิเม้นท์ ศรีนครินทร์  6-7,วางโครงข่ายแล้ว,,เชื่อมโครงข่ายแล้ว,เชื่อมโครงข่ายแล้ว,,,เชื่อมโครงข่ายแล้ว,,,
บียู โชคชัย 4,วางโครงข่ายแล้ว,,เชื่อมโครงข่ายแล้ว,,,,,เชื่อมโครงข่ายแล้ว,,
ลิปป์ ลาดพร้าว 20,วางโครงข่ายแล้ว,,,,,,,,,
Zoom Condo 49,วางโครงข่ายแล้ว,,เชื่อมโครงข่ายแล้ว,,เชื่อมโครงข่ายแล้ว,,,,,
บดินทร์ สวีทโฮม 2,วางโครงข่ายแล้ว,,,เชื่อมโครงข่ายแล้ว,เชื่อมโครงข่ายแล้ว,,,,,
รีเจ้นท์โฮม อาคารชุด 1,วางโครงข่ายแล้ว,,,,เชื่อมโครงข่ายแล้ว,,เชื่อมโครงข่ายแล้ว,,,
ดีคอนโด แคมปัส รีสอร์ท บางนา,วางโครงข่ายแล้ว,,,,เชื่อมโครงข่ายแล้ว,,,เชื่อมโครงข่ายแล้ว,,
เปี่ยมรัก เรสซิเดนท์ คอนโด,รอเข้าดำเนินการ,,,,,,,,,
เซ็นทริค ซีน,วางโครงข่ายแล้ว,,,เชื่อมโครงข่ายแล้ว,,,,,,
แฮปปี้คอนโด ลาดพร้าว101 อาคารบี,วางโครงข่ายแล้ว,,เชื่อมโครงข่ายแล้ว,เชื่อมโครงข่ายแล้ว,,,เชื่อมโครงข่ายแล้ว,เชื่อมโครงข่ายแล้ว,,
ศุภาลัย ปาร์ค 2,วางโครงข่ายแล้ว,,,เชื่อมโครงข่ายแล้ว,เชื่อมโครงข่ายแล้ว,,,เชื่อมโครงข่ายแล้ว,,
ดี คอนโด อ่อนนุช พระรามเก้า,วางโครงข่ายแล้ว,,,,เชื่อมโครงข่ายแล้ว,,,เชื่อมโครงข่ายแล้ว,,
เดอะแคปปิตอล เอกมัย-ทองหล่อ,วางโครงข่ายแล้ว,,,เชื่อมโครงข่ายแล้ว,เชื่อมโครงข่ายแล้ว,,,,,
ไอคอนโด สุขุมวิท 105-3,วางโครงข่ายแล้ว,,,เชื่อมโครงข่ายแล้ว,,,,,,
แฟมมิลี่คอมเพล็กซ์,วางโครงข่ายแล้ว,,,,,,,เชื่อมโครงข่ายแล้ว,,
ฝักข้าวโพด 2,วางโครงข่ายแล้ว,,,เชื่อมโครงข่ายแล้ว,เชื่อมโครงข่ายแล้ว,,,เชื่อมโครงข่ายแล้ว,,
ฟิวส์ โมเบียส รามคำแหง สเตชั่น,วางโครงข่ายแล้ว,,เชื่อมโครงข่ายแล้ว,เชื่อมโครงข่ายแล้ว,,,,,,
ฟิล คอนโด ลาดพร้้าว 33 (บจก.ไลฟ์ อิมเมจ คอนโดมิเนียม),วางโครงข่ายแล้ว,,,เชื่อมโครงข่ายแล้ว,,,,เชื่อมโครงข่ายแล้ว,,
ออริจินส์ บางมด พระราม 2,วางโครงข่ายแล้ว,,,,,,,,,
เดอะริช สาทร-ตากสิน,วางโครงข่ายแล้ว,,,,,,,เชื่อมโครงข่ายแล้ว,,
เฟรเกรนท์ 71 คอนโดมิเนียม,วางโครงข่ายแล้ว,,,เชื่อมโครงข่ายแล้ว,,,,เชื่อมโครงข่ายแล้ว,,
โททเนส เกษตร-นวมินทร์ ,รอเข้าดำเนินการ,,เชื่อมโครงข่ายแล้ว,,,,,,,
คาซ่า คอนโด อโศก ดินแดง,วางโครงข่ายแล้ว,,เชื่อมโครงข่ายแล้ว,เชื่อมโครงข่ายแล้ว,เชื่อมโครงข่ายแล้ว,,,,,
ไลฟ์ แอด สาทร 10,วางโครงข่ายแล้ว,,,เชื่อมโครงข่ายแล้ว,,,,เชื่อมโครงข่ายแล้ว,,
ฟิฟตี้ปาร์คคอนโด,วางโครงข่ายแล้ว,,,เชื่อมโครงข่ายแล้ว,,,,เชื่อมโครงข่ายแล้ว,,
เอ็ม โซไซตี้ คอนโดมิเนียม    ,วางโครงข่ายแล้ว,,เชื่อมโครงข่ายแล้ว,,,,,เชื่อมโครงข่ายแล้ว,,
เอมเมอรัล เรสซิเดนท์ แอด รัชดา คอนโดมิเนียม,วางโครงข่ายแล้ว,,,เชื่อมโครงข่ายแล้ว,เชื่อมโครงข่ายแล้ว,,,เชื่อมโครงข่ายแล้ว,,
ยู ดีไลท์ เรสซิเดนท์ พัฒนาการ-ทองหล่อ,วางโครงข่ายแล้ว,,เชื่อมโครงข่ายแล้ว,เชื่อมโครงข่ายแล้ว,เชื่อมโครงข่ายแล้ว,,,เชื่อมโครงข่ายแล้ว,,
เดอะ คัลเลอร์รี่ วิวิด,วางโครงข่ายแล้ว,,,เชื่อมโครงข่ายแล้ว,เชื่อมโครงข่ายแล้ว,,,เชื่อมโครงข่ายแล้ว,,
ดิ ยูนีค สุขุมวิท 62/1        ,วางโครงข่ายแล้ว,,,,,,,,,
พลัมคอนโด พาร์ค รังสิต เฟส 1,วางโครงข่ายแล้ว,,,,เชื่อมโครงข่ายแล้ว,,เชื่อมโครงข่ายแล้ว,เชื่อมโครงข่ายแล้ว,,
รีเจ้นท์โฮม 19,วางโครงข่ายแล้ว,,เชื่อมโครงข่ายแล้ว,,,,,เชื่อมโครงข่ายแล้ว,,
บจ.กลางกรุงรีสอร์ท อาคารบี 1 - บี 4,วางโครงข่ายแล้ว,,,เชื่อมโครงข่ายแล้ว,,,,,,
The seed แจ้งวัฒนะ,วางโครงข่ายแล้ว,,,,,,,เชื่อมโครงข่ายแล้ว,,
เอชทู สตรีล คอนโดมิเนียม,รอเข้าดำเนินการ,,,,,,,,,
เวรี่ 3 สุขุมวิท 72,วางโครงข่ายแล้ว,,,,,,,,,
เดอะคิวบ์ สเตชั่น รามอินทรา 109,วางโครงข่ายแล้ว,,,เชื่อมโครงข่ายแล้ว,เชื่อมโครงข่ายแล้ว,,,,,
อัสกาญจน์ ซิตี้ เฟส ซี14 - ซี21,วางโครงข่ายแล้ว,,,เชื่อมโครงข่ายแล้ว,เชื่อมโครงข่ายแล้ว,,,,,
อัสกาญจน์ ซิตี้ เฟส ซี5 - ซี12,วางโครงข่ายแล้ว,,,เชื่อมโครงข่ายแล้ว,เชื่อมโครงข่ายแล้ว,,,,,
อัสสกาญจน์ ซิตี้ เฟส บี อาคาร บี 4,วางโครงข่ายแล้ว,,เชื่อมโครงข่ายแล้ว,เชื่อมโครงข่ายแล้ว,,,,,,
เอกสิน คอนโดมิเนียม อาคาร D,วางโครงข่ายแล้ว,,,เชื่อมโครงข่ายแล้ว,เชื่อมโครงข่ายแล้ว,,,,,
คอนโดเลตไอซ์ราชเทวี,วางโครงข่ายแล้ว,,,เชื่อมโครงข่ายแล้ว,เชื่อมโครงข่ายแล้ว,,,เชื่อมโครงข่ายแล้ว,,
ฝักข้าวโพด 1,วางโครงข่ายแล้ว,,,เชื่อมโครงข่ายแล้ว,,,,เชื่อมโครงข่ายแล้ว,,
แอทโมช ลาดพร้าว 71,วางโครงข่ายแล้ว,,,,เชื่อมโครงข่ายแล้ว,,,เชื่อมโครงข่ายแล้ว,,
ลุมพินี เพลส เพลส พระราม 4-กล้วยน้ำไท,วางโครงข่ายแล้ว,,เชื่อมโครงข่ายแล้ว,,เชื่อมโครงข่ายแล้ว,,เชื่อมโครงข่ายแล้ว,,,
บ้านพระยาภิรมย์-รัชดา 2,วางโครงข่ายแล้ว,,,,,,,,,
เอชทู สโตน คอนโดมิเนียม,วางโครงข่ายแล้ว,,,เชื่อมโครงข่ายแล้ว,,,,,,
ไนท์บริดจ์ สกายริเวอร์ โอเชี่ยน,วางโครงข่ายแล้ว,,เชื่อมโครงข่ายแล้ว,เชื่อมโครงข่ายแล้ว,เชื่อมโครงข่ายแล้ว,,,,,
สาธร เฮ้าส์,วางโครงข่ายแล้ว,,,เชื่อมโครงข่ายแล้ว,เชื่อมโครงข่ายแล้ว,,,เชื่อมโครงข่ายแล้ว,,
สาธรบริดจ ทาวเวอร์,วางโครงข่ายแล้ว,,เชื่อมโครงข่ายแล้ว,,เชื่อมโครงข่ายแล้ว,,,เชื่อมโครงข่ายแล้ว,,
ศุภาลัย พรีเมียร์ รัชดา-นราธิวาส-สาทร,วางโครงข่ายแล้ว,,,เชื่อมโครงข่ายแล้ว,,,,,,
เดอะ สกาย สุขุมวิท,วางโครงข่ายแล้ว,,,เชื่อมโครงข่ายแล้ว,,,,เชื่อมโครงข่ายแล้ว,,
ยู สบาย พระราม 4 - กล้วยน้ำไท,วางโครงข่ายแล้ว,,,เชื่อมโครงข่ายแล้ว,,,,,,
ดิ แอลโคฟ ทองหล่อ 10,วางโครงข่ายแล้ว,,,,,,,,,
รีเจ้นท์โฮม 14,วางโครงข่ายแล้ว,,,,,,,,,
รีเจ้นท์พัฒนาการ อาคารชุด 2,วางโครงข่ายแล้ว,,เชื่อมโครงข่ายแล้ว,เชื่อมโครงข่ายแล้ว,เชื่อมโครงข่ายแล้ว,,,,,
เซ็นทริค รัชดา-สุทธิสาร,วางโครงข่ายแล้ว,,,เชื่อมโครงข่ายแล้ว,,,,,,
นิวตันทาวเวอร์ คอนโดมิเนียม,วางโครงข่ายแล้ว,,เชื่อมโครงข่ายแล้ว,เชื่อมโครงข่ายแล้ว,,,,,,
แอสปาย รัตนาธิเบศร์ 2,วางโครงข่ายแล้ว,,,,,,,เชื่อมโครงข่ายแล้ว,,
ไอเฮ้า ลากูน่า การ์เด้น 2,วางโครงข่ายแล้ว,,,,,,,เชื่อมโครงข่ายแล้ว,,
ไอเฮ้า ลากูน่า การ์เด้น 3,วางโครงข่ายแล้ว,,เชื่อมโครงข่ายแล้ว,,,,,,,
ชีวาทัย เรสซิเดนซ์ อโศก,วางโครงข่ายแล้ว,,,,,,,,,
เดอะล็อข สาม,วางโครงข่ายแล้ว,,เชื่อมโครงข่ายแล้ว,,เชื่อมโครงข่ายแล้ว,,,เชื่อมโครงข่ายแล้ว,,
Fresh Condo,วางโครงข่ายแล้ว,,,,,,,เชื่อมโครงข่ายแล้ว,,
โมดิช อินเตอร์เชนจ์ ,วางโครงข่ายแล้ว,,,,เชื่อมโครงข่ายแล้ว,,,,,
ไอเฮ้า ลากูน่า การ์เด้น 1,วางโครงข่ายแล้ว,,,เชื่อมโครงข่ายแล้ว,,,,เชื่อมโครงข่ายแล้ว,,
นิวเฮ้าส์ คอนโดมิเนียม,วางโครงข่ายแล้ว,,,เชื่อมโครงข่ายแล้ว,,,เชื่อมโครงข่ายแล้ว,,,
พาร์ค เรสซิเดนซ์ แอท พหลโยธิน 67   อาคาร 2   ,วางโครงข่ายแล้ว,,,เชื่อมโครงข่ายแล้ว,,,,เชื่อมโครงข่ายแล้ว,,
บางกะปิ คอนโดทาวน์ อาคาร ซี,วางโครงข่ายแล้ว,,เชื่อมโครงข่ายแล้ว,,,,เชื่อมโครงข่ายแล้ว,เชื่อมโครงข่ายแล้ว,,
ลิเบอร์ตี้ พาร์ค,วางโครงข่ายแล้ว,,เชื่อมโครงข่ายแล้ว,,,,เชื่อมโครงข่ายแล้ว,เชื่อมโครงข่ายแล้ว,,
ยู ดีไลท์ แอท อ่อนนุช สเตชั่น อาคารเอ,วางโครงข่ายแล้ว,,,เชื่อมโครงข่ายแล้ว,เชื่อมโครงข่ายแล้ว,,,เชื่อมโครงข่ายแล้ว,,
เดอะคิทท์ สุขุมวิท 113 อาคารบี,วางโครงข่ายแล้ว,,,,,,,,,
บ้านสุโขทัย 1 (ตึก 11- 20),วางโครงข่ายแล้ว,,,,เชื่อมโครงข่ายแล้ว,,,,,
เดอะโฟร์ตี้ ไนน์ พลัส ทู คอนโดมิเนียม,วางโครงข่ายแล้ว,,,,,,,,,
ริธึ่ม รางน้ำ,วางโครงข่ายแล้ว,,,เชื่อมโครงข่ายแล้ว,เชื่อมโครงข่ายแล้ว,,,เชื่อมโครงข่ายแล้ว,,
นอตติ้งค์ ฮิลล์ สุขุมวิท 105,วางโครงข่ายแล้ว,,,เชื่อมโครงข่ายแล้ว,,,,,,
เดอะคิทท์ สุขุมวิท 113 อาคารเอ,วางโครงข่ายแล้ว,,เชื่อมโครงข่ายแล้ว,,,,,,,
Tempo M ติวานนท์,วางโครงข่ายแล้ว,,เชื่อมโครงข่ายแล้ว,เชื่อมโครงข่ายแล้ว,,,,,,
เมย์แฟร์ การ์เด้นท์ (บริษัท ญาดา ดีเวลลอปเม้นท์ จำกัด)      ,วางโครงข่ายแล้ว,,เชื่อมโครงข่ายแล้ว,เชื่อมโครงข่ายแล้ว,,,,เชื่อมโครงข่ายแล้ว,,
MANHATTAN CHIDLOM,วางโครงข่ายแล้ว,,,เชื่อมโครงข่ายแล้ว,,,,เชื่อมโครงข่ายแล้ว,,
เดอะ เวลลิงตัน ,วางโครงข่ายแล้ว,,,เชื่อมโครงข่ายแล้ว,เชื่อมโครงข่ายแล้ว,,,เชื่อมโครงข่ายแล้ว,,
เดอะทรี ลาดพร้าว 15,กำลังดำเนินการ,,,,,,,ทรูลงระบบเอง,,
ดิแอมมิธิส 39,วางโครงข่ายแล้ว,,,,,,,เชื่อมโครงข่ายแล้ว,,
อมรพันธ์  205 แซทเทลไลน์ทาวน์ อาคารอาร์ 7,วางโครงข่ายแล้ว,,,,เชื่อมโครงข่ายแล้ว,,,,,
ดี 25 ทองหล่อ คอนโดมิเนียม,วางโครงข่ายแล้ว,,เชื่อมโครงข่ายแล้ว,เชื่อมโครงข่ายแล้ว,,,,,,
ร๊อยซ์ ไพรเวท เรซิเดนชิช,วางโครงข่ายแล้ว,,,เชื่อมโครงข่ายแล้ว,,,,เชื่อมโครงข่ายแล้ว,,
ลุมพินี วิลล์ สุขุมวิท 109-แบริ่ง,วางโครงข่ายแล้ว,,,,,,,,,
จรัลสนิทวงศ์ คอนโดมิเนียม,วางโครงข่ายแล้ว,,,,,,,,,
พีเอ็ม ริเวอร์ไซด์ ,วางโครงข่ายแล้ว,,,เชื่อมโครงข่ายแล้ว,เชื่อมโครงข่ายแล้ว,,,เชื่อมโครงข่ายแล้ว,,
Metrolux Riverfront    ,รอเข้าดำเนินการ,,,,,,,,,
เดอะซี๊ด มิงเกิ้ล,วางโครงข่ายแล้ว,,,,,,,เชื่อมโครงข่ายแล้ว,,
กรีเน่ สรงประภา (เฟส 1),วางโครงข่ายแล้ว,,,,เชื่อมโครงข่ายแล้ว,,,เชื่อมโครงข่ายแล้ว,,
บมจ.พฤกษา เรียลเอสเตท โครงการ The Reserve สุขุมวิท 61,สร้างพร้อมโครงการฯ,,,เชื่อมโครงข่ายแล้ว,เชื่อมโครงข่ายแล้ว,,,เชื่อมโครงข่ายแล้ว,,
ลุมพินี วิลล์ สุุขุมวิท 77,วางโครงข่ายแล้ว,,,,,,,,,
คีนน์ บาย แสนสิริ,วางโครงข่ายแล้ว,,เชื่อมโครงข่ายแล้ว,เชื่อมโครงข่ายแล้ว,,,,,,
อัสสกาญจน์เพลส โครงการลาดพร้าว,วางโครงข่ายแล้ว,,เชื่อมโครงข่ายแล้ว,เชื่อมโครงข่ายแล้ว,,,,เชื่อมโครงข่ายแล้ว,,
รัชดาซิตี้ 18 (3),วางโครงข่ายแล้ว,,,,,,,,,
พรีมีโอไพร์ม เกษตร-นวมินทร์,วางโครงข่ายแล้ว,,,,เชื่อมโครงข่ายแล้ว,,,,,
เดอะวอเตอร์ฟอร์ด สุขุมวิท 50/1,วางโครงข่ายแล้ว,,,เชื่อมโครงข่ายแล้ว,,,,เชื่อมโครงข่ายแล้ว,,
ไนท์บริดจ์ คอนโดมิเนียม,วางโครงข่ายแล้ว,,,เชื่อมโครงข่ายแล้ว,เชื่อมโครงข่ายแล้ว,,,,,
The Roof Garden,รอเข้าดำเนินการ,,,,,,,,,
เอื้ออมรสุขคอนโด,รอเข้าดำเนินการ,,,,,,,,,
บริษัท เอส.พี.แมนชั่น จำกัด,วางโครงข่ายแล้ว,,เชื่อมโครงข่ายแล้ว,,เชื่อมโครงข่ายแล้ว,,,,,
บริษัท เอส.พี.แมนชั่น จำกัด,วางโครงข่ายแล้ว,,,,,,,เชื่อมโครงข่ายแล้ว,,
สุขุมวิท ซิตี้รีสอร์ท,วางโครงข่ายแล้ว,,เชื่อมโครงข่ายแล้ว,เชื่อมโครงข่ายแล้ว,เชื่อมโครงข่ายแล้ว,,,,,
เดอะซี๊ด พหลโยธิน,วางโครงข่ายแล้ว,,,เชื่อมโครงข่ายแล้ว,,,,เชื่อมโครงข่ายแล้ว,,
คิว หลังสวน,วางโครงข่ายแล้ว,,,,เชื่อมโครงข่ายแล้ว,,,,,
ลา คาสเดด คอนโดมิเนียม   ,วางโครงข่ายแล้ว,,เชื่อมโครงข่ายแล้ว,,,,,,,
The Hotel   ,วางโครงข่ายแล้ว,,,เชื่อมโครงข่ายแล้ว,,,,เชื่อมโครงข่ายแล้ว,,
คลาส สารสิน-ราชดำริ,วางโครงข่ายแล้ว,,เชื่อมโครงข่ายแล้ว,เชื่อมโครงข่ายแล้ว,,,,เชื่อมโครงข่ายแล้ว,,
Sign Condo สุขุมวิท 50,วางโครงข่ายแล้ว,,เชื่อมโครงข่ายแล้ว,เชื่อมโครงข่ายแล้ว,,,,เชื่อมโครงข่ายแล้ว,,
เดอะ ไรซ์ สุขุมวิท 39,วางโครงข่ายแล้ว,,,เชื่อมโครงข่ายแล้ว,,,,เชื่อมโครงข่ายแล้ว,,
คลาส คอนโด สยาม,วางโครงข่ายแล้ว,,,เชื่อมโครงข่ายแล้ว,,,,,,
ฟิวส์ เซนเซ่ บางแค,วางโครงข่ายแล้ว,,เชื่อมโครงข่ายแล้ว,,,,,,,
เดอะไลท์,วางโครงข่ายแล้ว,,,,,,,เชื่อมโครงข่ายแล้ว,,
บจก.เย็นสบายดี เรสซิเด้นท์   (ลาดพร้าว 122),วางโครงข่ายแล้ว,,เชื่อมโครงข่ายแล้ว,เชื่อมโครงข่ายแล้ว,,,,เชื่อมโครงข่ายแล้ว,,
ไฮด์ สุขุมวิท,รอเข้าดำเนินการ,,,,,,,,,
เดอะทรี โชคชัย 4,รอเข้าดำเนินการ,,เชื่อมโครงข่ายแล้ว,,,,,,,
แอล สไตล์ คอนโด,รอเข้าดำเนินการ,,เชื่อมโครงข่ายแล้ว,,,,,,,
เดอะไรซ์ (ยกเลิก-ไปใช้ลำดับ 626),วางโครงข่ายแล้ว,,,,เชื่อมโครงข่ายแล้ว,,,,,
เดอะเพลนเนอรี่,วางโครงข่ายแล้ว,,,,,,,,,
แอสปาย รัชดา-วงศ์สว่าง,วางโครงข่ายแล้ว,,,เชื่อมโครงข่ายแล้ว,,,,เชื่อมโครงข่ายแล้ว,,
The 8 Collection,สร้างพร้อมโครงการฯ,,,เชื่อมโครงข่ายแล้ว,เชื่อมโครงข่ายแล้ว,,,,,
บจก.ณวรางค์ พหลโยธิน โครงการ ณ วีรา พหล-อารีย์,วางโครงข่ายแล้ว,,,,,,,,,
แชปเตอร์วัน เดอะ แคมปัส,วางโครงข่ายแล้ว,,,,,,,เชื่อมโครงข่ายแล้ว,,
รีเจ้นท์โฮม 13,วางโครงข่ายแล้ว,,,เชื่อมโครงข่ายแล้ว,เชื่อมโครงข่ายแล้ว,,,,,
พลัมคอนโด รามคำแหง 60 สเตชั่น,วางโครงข่ายแล้ว,,,เชื่อมโครงข่ายแล้ว,,,,,,
เดอะพีช แอท ลาดพร้าว 15,กำลังสร้างพร้อมโครงการฯ,,,,,,,,,
บจก.เจ้าพระยามหานคร โครงการ แบงค์คอก ฮอไรซอน ติวานนท์,วางโครงข่ายแล้ว,,,เชื่อมโครงข่ายแล้ว,เชื่อมโครงข่ายแล้ว,,,,,
คันทรี คอมเพล็กซ์ อาคาร ซี,วางโครงข่ายแล้ว,,,เชื่อมโครงข่ายแล้ว,เชื่อมโครงข่ายแล้ว,,,เชื่อมโครงข่ายแล้ว,,
บ้านเย็นอากาศ,วางโครงข่ายแล้ว,,,เชื่อมโครงข่ายแล้ว,,,,,,
ฮอลล์มาร์ค งามวงศ์วาน,วางโครงข่ายแล้ว,,,เชื่อมโครงข่ายแล้ว,เชื่อมโครงข่ายแล้ว,,,,,
ลุมพินี เพลส พระราม 3-ริเวอร์วิว,วางโครงข่ายแล้ว,,,,,,,เชื่อมโครงข่ายแล้ว,,
ลุมพินี สวีท พระราม 8,วางโครงข่ายแล้ว,,,,,,,เชื่อมโครงข่ายแล้ว,,
ลุมพินี เพลส พระราม 8,วางโครงข่ายแล้ว,,,เชื่อมโครงข่ายแล้ว,,,,เชื่อมโครงข่ายแล้ว,,
"ฮาร์โมนี ลิฟวิ่ง พหลโยธิน 11 อาคาร 1,2",วางโครงข่ายแล้ว,,เชื่อมโครงข่ายแล้ว,เชื่อมโครงข่ายแล้ว,,,,เชื่อมโครงข่ายแล้ว,,
"บ้านพระยาภิรมย์-รัชดา (อาคารเอ,บี)",วางโครงข่ายแล้ว,,,,,,,เชื่อมโครงข่ายแล้ว,,
ไอดีโอ พหลโยธิน-จตุจักร,วางโครงข่ายแล้ว,,,,,,,เชื่อมโครงข่ายแล้ว,,
ดิ แอดเดรส สาทร,วางโครงข่ายแล้ว,,เชื่อมโครงข่ายแล้ว,เชื่อมโครงข่ายแล้ว,,,,เชื่อมโครงข่ายแล้ว,,
เลค อเวนิว คอนโดมิเนียม,วางโครงข่ายแล้ว,,,เชื่อมโครงข่ายแล้ว,,,,เชื่อมโครงข่ายแล้ว,,
มาสเตอร์วิว เอ็กเซ็กคิวทีฟ เพลส,วางโครงข่ายแล้ว,,,เชื่อมโครงข่ายแล้ว,,,,เชื่อมโครงข่ายแล้ว,,
รอยัลริเวอร์ เพลส,วางโครงข่ายแล้ว,,,เชื่อมโครงข่ายแล้ว,,,,,,
เอ็มไพร์ เฮ้าส์,วางโครงข่ายแล้ว,,,เชื่อมโครงข่ายแล้ว,เชื่อมโครงข่ายแล้ว,,,,,
ลาซาลพาร์ค คอนโดมิเนียม อาคารซี,วางโครงข่ายแล้ว,,,เชื่อมโครงข่ายแล้ว,เชื่อมโครงข่ายแล้ว,,,,,
นอตติ้ง ฮิลล์ สุขุมวิท-แพรกษา,รอเข้าดำเนินการ,,,,,,,,,
ซันพาเลซ คอนโดมิเนียม,วางโครงข่ายแล้ว,,,,,,,เชื่อมโครงข่ายแล้ว,,
สายลม สวีท  คอนโดมิเนียม,วางโครงข่ายแล้ว,,,เชื่อมโครงข่ายแล้ว,,,,,,
แอมเบอร์ ,วางโครงข่ายแล้ว,,,,เชื่อมโครงข่ายแล้ว,,,เชื่อมโครงข่ายแล้ว,,
โดมัส 16 และ 18,กำลังสร้างพร้อมโครงการฯ,,,,,,,,,
บจก.ออลล์ อินสไปร์ ดีเวลลอปเม้นท์ โครงการ The Excel Hideway Ratchada-Huai Khwang,สร้างพร้อมโครงการฯ,,,เชื่อมโครงข่ายแล้ว,เชื่อมโครงข่ายแล้ว,,,เชื่อมโครงข่ายแล้ว,,
บจก.เอบี พลัส พร็อพเพอร์ตี้ โครงการ The Crystal Bliss @ Rattanathibet,สร้างพร้อมโครงการฯ,,,,เชื่อมโครงข่ายแล้ว,,,เชื่อมโครงข่ายแล้ว,,
บจก.ออลล์ อินสไปร์ ดีเวลลอปเม้นท์ โครงการ The Excel Hideway Sukhumvit 71,สร้างพร้อมโครงการฯ,,เชื่อมโครงข่ายแล้ว,เชื่อมโครงข่ายแล้ว,เชื่อมโครงข่ายแล้ว,,เชื่อมโครงข่ายแล้ว,เชื่อมโครงข่ายแล้ว,,
บจก.เอเบิ้ล แลนด์ ดีเวลลอปเม้นท์ โครงการ Attitude BU / แอททิจูด บียู คอนโดมิเนียม,สร้างพร้อมโครงการฯ,,,,,,,เชื่อมโครงข่ายแล้ว,,
Savvi Ari 4,วางโครงข่ายแล้ว,,,เชื่อมโครงข่ายแล้ว,เชื่อมโครงข่ายแล้ว,,,เชื่อมโครงข่ายแล้ว,,
เดอะรูม พระราม 4,วางโครงข่ายแล้ว,,,,,,,เชื่อมโครงข่ายแล้ว,,
ดี แอล วี ทองหล่อ 20,วางโครงข่ายแล้ว,,,เชื่อมโครงข่ายแล้ว,เชื่อมโครงข่ายแล้ว,,,,,
ดีคอนโด สุขุมวิท 109,วางโครงข่ายแล้ว,,เชื่อมโครงข่ายแล้ว,,,,,,,
จี เฮาส์ คอนโดมิเนียม,วางโครงข่ายแล้ว,,,,,,,,,
บางใหญ่สแควร์ C1,วางโครงข่ายแล้ว,,,,,,,,,
บ้านประชานิเวศน์ 1,วางโครงข่ายแล้ว,,,,,,,เชื่อมโครงข่ายแล้ว,,
เดอะรูม สุขุมวิท 62,วางโครงข่ายแล้ว,,,,เชื่อมโครงข่ายแล้ว,,,,,
ดีบุรา พรานนก,วางโครงข่ายแล้ว,,,เชื่อมโครงข่ายแล้ว,เชื่อมโครงข่ายแล้ว,,,,,
เดอะ แคปปิตอล ราชปรารภ-วิภาวดี,วางโครงข่ายแล้ว,,,เชื่อมโครงข่ายแล้ว,,,,เชื่อมโครงข่ายแล้ว,,
โนเบิล รีมิกซ์,วางโครงข่ายแล้ว,,,,,,,,,
คิว คอนโด อโศก,วางโครงข่ายแล้ว,,เชื่อมโครงข่ายแล้ว,,,,,,,
ไอดีโอ สาทรตากสิน,วางโครงข่ายแล้ว,,,,,,,เชื่อมโครงข่ายแล้ว,,
เพรสิเดนท์ พาร์ค ฮาร์เบอร์วิว มะฮอกกานี ทาวเวอร์,กำลังสร้างพร้อมโครงการฯ,,,,,,,,,
G.M. Residence Ekamai Soi 18 (บจก.ยี.เอ็ม เรสซิเด้นท์),วางโครงข่ายแล้ว,,,,เชื่อมโครงข่ายแล้ว,,,เชื่อมโครงข่ายแล้ว,,
ป.ปิ่นเกล้า คอนโดมิเนียม โครงการ 1,วางโครงข่ายแล้ว,,,,,,,เชื่อมโครงข่ายแล้ว,,
ไลฟ์ แอด รัชดา-ห้วยขวาง,วางโครงข่ายแล้ว,,,,,,,,,
นิช ไอดี สุขุมวิท 113,วางโครงข่ายแล้ว,,,เชื่อมโครงข่ายแล้ว,,,,,,
ดิ เอ็กเซล กรูฟ อาคารบี และ อาคารซี,วางโครงข่ายแล้ว,,,,,,,,,
ลุมพินี เซ็นเตอร์ เอ,วางโครงข่ายแล้ว,,,,เชื่อมโครงข่ายแล้ว,,,,,
ธนา แอสโทเรีย,วางโครงข่ายแล้ว,,,เชื่อมโครงข่ายแล้ว,,,,เชื่อมโครงข่ายแล้ว,,
บ้านสิริทเวนตี้โฟร์,วางโครงข่ายแล้ว,,,เชื่อมโครงข่ายแล้ว,,,,,,
รีเจน ออน เดอะปาร์ค 1,วางโครงข่ายแล้ว,,,เชื่อมโครงข่ายแล้ว,เชื่อมโครงข่ายแล้ว,,,เชื่อมโครงข่ายแล้ว,,
ไลฟ์ รัชดาภิเษก,วางโครงข่ายแล้ว,,,,,,,,,
รัชดา พาวิเลี่ยน,วางโครงข่ายแล้ว,,,,,,,,,
ลุมพินี วิลล์ ลาดพร้าว-โชคชัย 4,วางโครงข่ายแล้ว,,,เชื่อมโครงข่ายแล้ว,เชื่อมโครงข่ายแล้ว,,,,,
ทิพยฤกษ์,วางโครงข่ายแล้ว,,,,เชื่อมโครงข่ายแล้ว,,,,,
บ้านรัชดา,วางโครงข่ายแล้ว,,เชื่อมโครงข่ายแล้ว,เชื่อมโครงข่ายแล้ว,,,,เชื่อมโครงข่ายแล้ว,,
เดอะเครสท์ ร่วมฤดี,วางโครงข่ายแล้ว,,,,,,,เชื่อมโครงข่ายแล้ว,,
บริกซ์ คอนโดมิเนียม,วางโครงข่ายแล้ว,,,,เชื่อมโครงข่ายแล้ว,,,,,
เอ สเปซ เกษตร-นวมินทร์,รอเข้าดำเนินการ,,,เชื่อมโครงข่ายแล้ว,,,,,,
เซล ศาลายา และ เซล ศาลายา 2,วางโครงข่ายแล้ว,,,,,,,,,
คริสตัลการ์เด้น,วางโครงข่ายแล้ว,,,เชื่อมโครงข่ายแล้ว,เชื่อมโครงข่ายแล้ว,,,เชื่อมโครงข่ายแล้ว,,
ดี คอนโด แคมปัส รีสอร์ท รังสิต,สร้างพร้อมโครงการฯ,,,เชื่อมโครงข่ายแล้ว,เชื่อมโครงข่ายแล้ว,,,,,
บจก. คิวบ์ เรียล พร๊อพเพอร์ตี้ โครงการ The Cube พหลโยธิน 56,วางโครงข่ายแล้ว,,,เชื่อมโครงข่ายแล้ว,เชื่อมโครงข่ายแล้ว,,,เชื่อมโครงข่ายแล้ว,,
ดี คอนโด แคมปัส รีสอร์ท โดม-รังสิต,สร้างพร้อมโครงการฯ,,,,,,,เชื่อมโครงข่ายแล้ว,,
บจก. คิวบ์ เรียล พร๊อพเพอร์ตี้ โครงการ The Cube แจ้งวัฒนะ 12,วางโครงข่ายแล้ว,,,,เชื่อมโครงข่ายแล้ว,,,,,
,สร้างพร้อมโครงการฯ,,,,เชื่อมโครงข่ายแล้ว,,,,,
บจก.วี สุขุมวิท 61 โครงการ ไอคอน สุขุมวิท 77,วางโครงข่ายแล้ว,,,เชื่อมโครงข่ายแล้ว,,,,เชื่อมโครงข่ายแล้ว,,
ดุสิต อเวนิว,วางโครงข่ายแล้ว,,เชื่อมโครงข่ายแล้ว,,,,,เชื่อมโครงข่ายแล้ว,,
เดอะพาร์คแลนแกรนด์ตากสิน,วางโครงข่ายแล้ว,,,,,,,เชื่อมโครงข่ายแล้ว,,
ออกัสคอนโด,สร้างพร้อมโครงการฯ,,,เชื่อมโครงข่ายแล้ว,,,,เชื่อมโครงข่ายแล้ว,,
บจก.ไลบรารี่ บิส โครงการ ฟิโล ลาดพร้าว 18,วางโครงข่ายแล้ว,,,,เชื่อมโครงข่ายแล้ว,,,,,
คริสม่า คอนโดรามอินทรา,วางโครงข่ายแล้ว,,,,,,,,,
พลัม คอนโด แจ้งวัฒนะ สเตชั่น เฟส 2,วางโครงข่ายแล้ว,,,,,,,,,
ลุมพินี เพลส รามอินทรา-หลักสี่,วางโครงข่ายแล้ว,,,,,,,,,
ลุมพินี คอนโดทาวน์ รามอินทรา-นวมินทร์ ซี,วางโครงข่ายแล้ว,,,,เชื่อมโครงข่ายแล้ว,,,,,
เดอะ คิวบ์ พลัส มีนบุรี,วางโครงข่ายแล้ว,,,,,,,,,
ลุมพินี คอนโดทาวน์ รามอินทรา-นวมินทร์ เอ-บี,รอเข้าดำเนินการ,,,,,,,,,
ลุมพินี คอนโดทาวน์ รามอินทรา-นวมินทร์ ดี,รอเข้าดำเนินการ,,,,,,,,,
ซี ทู คอนโดมิเนียม,วางโครงข่ายแล้ว,,,เชื่อมโครงข่ายแล้ว,,,,,,
บจก.ทรัพย์อุดมพร็อพเพอร์ตี้ ในนาม กรีนเนอรี่ เพลส สุขุมวิท 61,รอเข้าดำเนินการ,,,,,,,,,
บมจ.พฤกษา เรียลเอสเตท โครงการ CHAPTER THONGLOR 25,วางโครงข่ายแล้ว,,,เชื่อมโครงข่ายแล้ว,เชื่อมโครงข่ายแล้ว,,,วางโครงข่ายเอง,,
ชีวาทัย เพชรเกษม 27,วางโครงข่ายแล้ว,,,,,,,,,
ลุมพินี วิลล์ ราชพฤกษ์-บางเวก,วางโครงข่ายแล้ว,,,,เชื่อมโครงข่ายแล้ว,,,,,
The icon 3,วางโครงข่ายแล้ว,,,,เชื่อมโครงข่ายแล้ว,,,เชื่อมโครงข่ายแล้ว,,
ซิตี้โฮม รัชดา-ปิ่นเกล้า 1,สร้างพร้อมโครงการฯ,,เชื่อมโครงข่ายแล้ว,,เชื่อมโครงข่ายแล้ว,,,,,
บจก.บี ที วาย ดีเวลลอปเม้นท์ โครงการ เดอะ ซีรี่ส์ ติวานนท์,สร้างพร้อมโครงการฯ,,,,,,,เชื่อมโครงข่ายแล้ว,,
บมจ.พฤกษาเรียลเอสเตท โครงการ The Tree Dindaeng-Ratchaprarop,วางโครงข่ายแล้ว,,,เชื่อมโครงข่ายแล้ว,,,,,,
เซล ศาลายา 3,วางโครงข่ายแล้ว,,เชื่อมโครงข่ายแล้ว,เชื่อมโครงข่ายแล้ว,,,,,,
บจก.รวีวรรณ สวีท  โครงการ รวีวรรณสวีท,สร้างพร้อมโครงการฯ,,,เชื่อมโครงข่ายแล้ว,เชื่อมโครงข่ายแล้ว,,,เชื่อมโครงข่ายแล้ว,,
บจก.ยูทีลิตี้ เรียล เอสเตท โครงการ HI SUTHISAN CONDO,รอเข้าดำเนินการ,,,,,,,,,
เดอะซีรี่ส์ อุดมสุข,วางโครงข่ายแล้ว,,เชื่อมโครงข่ายแล้ว,เชื่อมโครงข่ายแล้ว,,,,,,
เวอรันดาเรสซิเดนส์,วางโครงข่ายแล้ว,,,เชื่อมโครงข่ายแล้ว,เชื่อมโครงข่ายแล้ว,,,เชื่อมโครงข่ายแล้ว,,
ศุุภาลัย ปาร์ค 1,วางโครงข่ายแล้ว,,,,,,,,,
ไอดีโอ บลูโคฟ สุขุมวิท,วางโครงข่ายแล้ว,3/11/2563 - 13/11/2563,เชื่อมโครงข่ายแล้ว,,,,,วางโครงข่ายแล้ว,,
พี.เอส.ที. ซิตี้โฮม,วางโครงข่ายแล้ว,,เชื่อมโครงข่ายแล้ว,,,,,,,
ชาโตว์ อินทาวน์ วิภาวดี 30-2,วางโครงข่ายแล้ว,,เชื่อมโครงข่ายแล้ว,,,,,เชื่อมโครงข่ายแล้ว,,
เดอะ เมเปิ้ล แอท รัชดา-ลาดพร้าว,วางโครงข่ายแล้ว,,,เชื่อมโครงข่ายแล้ว,,,,,,
เคทูพี อพาร์ทเม้นท์,วางโครงข่ายแล้ว,,,,,,,,,
พลัม คอนโด รามคำแหง สเตชั่น,วางโครงข่ายแล้ว,,,,,,,,,
ยังเพลส แกรนด์ เลอ จาแด็งน์,วางโครงข่ายแล้ว,,,,,,,,,
ยู ดีไลท์ แอท จตุจักร สเตชั่น อาคารเอ,วางโครงข่ายแล้ว,,,,,,,,,
ยู ดีไลท์ แอท จตุจักร สเตชั่น อาคารบี,วางโครงข่ายแล้ว,19/10/2563 - 16/11/2020,,,,,,,,
ศุภาลัย ริเวอร์ เพลส,วางโครงข่ายแล้ว,,,เชื่อมโครงข่ายแล้ว,เชื่อมโครงข่ายแล้ว,,,เชื่อมโครงข่ายแล้ว,,
ป.ปิ่นเกล้า คอนโดมิเนียม โครงการ 2,วางโครงข่ายแล้ว,,,,,,,,,
แอนนา คอนโดมิเนียม ลาดพร้าว 101,วางโครงข่ายแล้ว,,,,เชื่อมโครงข่ายแล้ว,,,,,
เคหะชุมชนร่มเกล้า 6,สร้างพร้อมโครงการฯ,,,,,,,,,
บจก.ยูทีลิตี้ เรียล เอสเตท โครงการ HI Sukhumvit 93,วางโครงข่ายแล้ว,,,,,,,,,
ทรี คอนโด เอกมัย,วางโครงข่ายแล้ว,,,,,,,,,
ทรี คอนโด ลักซ์ สุขุมวิท 52,วางโครงข่ายแล้ว,,,,,,,เชื่อมโครงข่ายแล้ว,,
เดอะคาโดแกน,วางโครงข่ายแล้ว,,,,,,,,,
ณุศาศิริ แกรนด์ คอนโด,วางโครงข่ายแล้ว,,,,,,,,,
ออล ซีซั่์นส์  แมนชั่น คอนโดมิเนียม,วางโครงข่ายแล้ว,,เชื่อมโครงข่ายแล้ว,,,,,,,
มนเทียรทิพย์คอนโดทาวน์ (อาคาร 2),วางโครงข่ายแล้ว,,,,เชื่อมโครงข่ายแล้ว,,,,,
ตรีทศ ซิตี้ มารีน่า,วางโครงข่ายแล้ว,,,,,,,,,
มีสุวรรณ แมนชั่น,วางโครงข่ายแล้ว,,,เชื่อมโครงข่ายแล้ว,เชื่อมโครงข่ายแล้ว,,,,,
พลัม คอนโด แจ้งวัฒนะ สเตชั่น เฟส 1,รอเข้าดำเนินการ,,,เชื่อมโครงข่ายแล้ว,เชื่อมโครงข่ายแล้ว,,,,,
ไลฟ์ รัชดาภิเษก,วางโครงข่ายแล้ว,,,,,,,,,
เดอะนิช ลาดพร้าว 48 อาคาร 1,วางโครงข่ายแล้ว,,,,,,,,,
เดอะ แบงค็อค สาทร,วางโครงข่ายแล้ว,,,,,,,,,
ยูนิโอ จรัญ 3,วางโครงข่ายแล้ว,,เชื่อมโครงข่ายแล้ว,,,,,,,
ยูไลท์คอนโดมิเนียม,วางโครงข่ายแล้ว,,เชื่อมโครงข่ายแล้ว,,,,,,,
ซิตี้ รีสอร์ท รัชดา-ห้วยขวาง,วางโครงข่ายแล้ว,,,เชื่อมโครงข่ายแล้ว,,,,เชื่อมโครงข่ายแล้ว,,
The Lofts Yennakart  (เดอะลอฟ เย็นอากาศ),วางโครงข่ายแล้ว,,,,,,,,,
ศุภาลัย พรีเมียร์ เพลส,วางโครงข่ายแล้ว,,,,,,,,,
เอวาคัส การ์เด้นท์ แฟมมิลี่ เฮ้าส์,วางโครงข่ายแล้ว,,,,,,,,,
ชาโตว์ อินทาวน์ พหลโยธิน 30 เฟส 2,วางโครงข่ายแล้ว,,,,,,,เชื่อมโครงข่ายแล้ว,,
โอเรียลเต็ล ทาวเวอร์,วางโครงข่ายแล้ว,16/11/2563 - 27/11/2563,,,,,,,,
เมโทร ลักซ์ พหลโยธิน,รอเข้าดำเนินการ,,,,,,,,,
เคหะชุมชนร่มเกล้า 3 (อาคาร 25-28),วางโครงข่ายแล้ว,,,,,,,,,
บ้านประชานิเวศน์ 3,วางโครงข่ายแล้ว,,,,,,,,,
มณเฑียรทิพย์ คอนโดทาวน์ อาคาร 1,วางโครงข่ายแล้ว,,,,,,,,,
พฤกษาธานีฟิฟ คอนโดเทล อาคารเอ และบี,วางโครงข่ายแล้ว,,,,,,,เชื่อมโครงข่ายแล้ว,,
มายคอนโด สุขุมวิท 81,วางโครงข่ายแล้ว,,,,,,,เชื่อมโครงข่ายแล้ว,,
ลุมพินี เพลส สวนพลู-สาทร,วางโครงข่ายแล้ว,,,,,,,,,
เดอะ คาบาน่า,วางโครงข่ายแล้ว,,,,,,,,,
บ้านเทพารักษ์ 2/1,กำลังสร้างพร้อมโครงการฯ,,,,,,,,,
บจก.TC Develpment โครงการ วันไนน์ไฟร์ อโศก-พระราม 9,รอเข้าดำเนินการ,,,,,,,,,
ลุมพินี วิลล์ พระแม่มารี-สาทร,วางโครงข่ายแล้ว,,,,,,,เชื่อมโครงข่ายแล้ว,,
อมันตา - รัชดา,วางโครงข่ายแล้ว,,,,,,,เชื่อมโครงข่ายแล้ว,,
เคนชิงตัน พหลฯ-เกษตร,วางโครงข่ายแล้ว,,,,,,,,,
เดอะเครสท์ สุขุมวิท 34,วางโครงข่ายแล้ว,,,,,,,,,
เดอะเลกาซี่ วิภาวดี,รอเข้าดำเนินการ,25/11/2563 - 9/1/2564,,,,,,,,
คุณากรชัย เรสซิเด้นท์,รอเข้าดำเนินการ,23/11/2563 - 4/1/2564,,,,,,,,
เอส.ซี เรสซิเด้นท์,รอเข้าดำเนินการ,,,,,,,,,
บจก.สถาพร เอสเตท (โครงการ เซดด์ สาทร 1),วางโครงข่ายแล้ว,,,,,,,,,
รวมสุข คอนโดมิเนียม,วางโครงข่ายแล้ว,,,,เชื่อมโครงข่ายแล้ว,,,,,
ไนท์บริดจ์ คอลลาจ รามคำแหง,วางโครงข่ายแล้ว,,,,เชื่อมโครงข่ายแล้ว,,,,,
เดอะ ไพรเวซี่ งามวงศ์วาน โครงการ เอ,วางโครงข่ายแล้ว,,,,,,,,,
เดอะ ไพรเวซี่ งามวงศ์วาน โครงการ บี,วางโครงข่ายแล้ว,,,,,,,,,
เดอะ ไพรเวซี่ เรวดี โครงการ เอ,วางโครงข่ายแล้ว,,,,,,,,,
เดอะ ไพรเวซี่ เรวดี โครงการ บี,วางโครงข่ายแล้ว,,,,,,,,,
เดอะ ไพรเวซี่ เรวดี โครงการ ดี,วางโครงข่ายแล้ว,,,,เชื่อมโครงข่ายแล้ว,,,,,
ปิ่นเกล้าคอนโดมิเนียม,วางโครงข่ายแล้ว,,,,,,,เชื่อมโครงข่ายแล้ว,,
ซีณิธเพลส ห้วยขวาง,วางโครงข่ายแล้ว,,,,,,,,,
ลุมพินี เพลส วอเตอร์คลีฟ 1,รอเข้าดำเนินการ,30/11/2563 - 15/1/2564,,,,,,,,
เดอะรอยัล ศาลาแดง,วางโครงข่ายแล้ว,,,,,,,,,
เดอะรูม สาทร-ตากสิน,วางโครงข่ายแล้ว,,,,,,,,,
ชาโตว์ อินทาวน์ วิภาวดี 30-1ฺB,รอเข้าดำเนินการ,30/11/2563 - 22/1/2563,,,,,,,,
ลุมพินี เซ็นเตอร์ บี,รอเข้าดำเนินการ,1/12/2563 - 16/12/2563,,,,,,,,
ลุมพินี เซ็นเตอร์ ซี,รอเข้าดำเนินการ,1/12/2563 - 16/12/2563,,,,,,,,
ลุมพินี เซ็นเตอร์ จี,รอเข้าดำเนินการ,1/12/2563 - 16/12/2563,,,,,,,,
ลุมพินี เซ็นเตอร์ เอช,รอเข้าดำเนินการ,14/12/2563 - 30/12/2563,,,,,,,,
ลุมพินี เซ็นเตอร์ เอฟ,วางโครงข่ายแล้ว,,,,,,,,,
แม๊กนิกซ์ รามอินทรา 21 (บจก.เดอะ รอยัลเรสซิเดนซ์),วางโครงข่ายแล้ว,,,,,,,,,
ริชมอนด์ พาเลส,วางโครงข่ายแล้ว,,,,,,,,,
บ้านจันทร์,รอเข้าดำเนินการ,,,,,,,,,
พลัม คอนโด ลาดพร้าว 101,วางโครงข่ายแล้ว,,เชื่อมโครงข่ายแล้ว,เชื่อมโครงข่ายแล้ว,เชื่อมโครงข่ายแล้ว,,,เชื่อมโครงข่ายแล้ว,,
สุชารีไลฟ์ 2,วางโครงข่ายแล้ว,,,เชื่อมโครงข่ายแล้ว,,,,,,
ไอดีล 24,รอเข้าดำเนินการ,3/12/2563 - 18/12/2563,,,,,,,,
เดอะ ไพรเวซี่ ติวานนท์ โครงการ เอ,วางโครงข่ายแล้ว,,,,,,,,,
เดอะ ไพรเวซี่ เรวดี โครงการ ซี,วางโครงข่ายแล้ว,,,,,,,,,
ลุมพินี วิลล์ ราษฏร์บูรณะ-ริเวอร์วิว 2,วางโครงข่ายแล้ว,,,เชื่อมโครงข่ายแล้ว,,,,,,
Zell รัตนาธิเบศ 7,รอเข้าดำเนินการ,,,,,,,,,
ลุมพินี เพลส วอเตอร์คลิฟ 2,วางโครงข่ายแล้ว,,,,,,,,,
Bangkok Garden,วางโครงข่ายแล้ว,,,,,,,,,
เอสต้า สะพานใหม่,วางโครงข่ายแล้ว,,,,,,,,,
เดอะ คลาสซี่ รัชดาภิเษก 19,วางโครงข่ายแล้ว,,,,,,,,,
ดิ ยูนิค ลาดพร้าว 26,วางโครงข่ายแล้ว,,,,,,,,,
พาร์ค วิลเลจ อ่อนนุช,วางโครงข่ายแล้ว,,,,,,,,,
ชาโตว์ อินทาวน์ สุขุมวิท 64/1,รอเข้าดำเนินการ,,,,,,,,,
ชาเทรียม ,วางโครงข่ายแล้ว,,,,,,,,,
ไอดีโอ พระรามเก้าตัดใหม่,วางโครงข่ายแล้ว,,,,,,,,,
ลุมพินี เพลส พระราม 9-รัชดา เอ-บี,วางโครงข่ายแล้ว,,,,,,,,,
ลุมพินี เพลส พระราม 9-รัชดา ซี-ดี,วางโครงข่ายแล้ว,,,,,,,,,
อารีย์สัมพันธ์ พาร์ค,รอเข้าดำเนินการ,21/12/2563 - 6/1/2564,,,,,,,,
เอ สเปซ อโศก-รัชดา นอร์ธทาวเวอร์,วางโครงข่ายแล้ว,,,,,,,,,
"เดอะไพรเวซี่ รัชดา-สุทธิสาร โครงการเอ,บี และซี",วางโครงข่ายแล้ว,,,,,,,,,
ลุมพินี คอนโดทาวน์ รามอินทรา-ลาดปลาเค้า 2,รอเข้าดำเนินการ,28/12/2563 - 12/1/2564,,,,,,,,
นาวิน คอร์ท,วางโครงข่ายแล้ว,,,เชื่อมโครงข่ายแล้ว,,,,,,
มาร์ค สุขุมวิท,วางโครงข่ายแล้ว,,,เชื่อมโครงข่ายแล้ว,,,,,,
ริธึ่ม รัชดา,วางโครงข่ายแล้ว,,,,,,,,,
ไอริส แอเวนิว อาคาร 2,วางโครงข่ายแล้ว,,,,,,,,,
ไอริส แอเวนิว อาคาร 3,วางโครงข่ายแล้ว,,,,,,,,,
ไอริส แอเวนิว อาคาร 4,รอเข้าดำเนินการ,,,,,,,,,
แบงค์คอก เฟลิซ สุขุมวิท 69-2,รอเข้าดำเนินการ,15/12/2563 - 28/12/2563,,,,,,,,
อัลติจูด สามย่าน-สีลม,รอเข้าดำเนินการ,,,,,,,,,
อัลติจูด ดีฟายน์,รอเข้าดำเนินการ,23/12/2563 - 14/1/2564,,,,,,,,
สินเศรษฐีคอมเพล็กซ์,วางโครงข่ายแล้ว,,,,,,,,,
ณ็องเซลิเซ่ อเวนิว เอ,วางโครงข่ายแล้ว,,,,,,,,,
เดอะซี๊ด มูซี่,วางโครงข่ายแล้ว,,,,,,,,,
ราชปรารถ การ์เด้น คอนโดมิเนียม,รอเข้าดำเนินการ,,,,,,,,,
ชลากร คอนโด,วางโครงข่ายแล้ว,,,,,,,,,
ศุภาลัย พรีเมียร์ ราชเทวี,รอเข้าดำเนินการ,,,,,,,,,
ลูกาโน ลาดพร้าว 18,วางโครงข่ายแล้ว,,,,,,,,,
เดอะนิชไพรด์ ทองหล่อ-เพชรบุรี,วางโครงข่ายแล้ว,,,,,,,,,
เดอะ นิชโมโน สุขุมวิท 50,รอเข้าดำเนินการ,2/11/2563 - 20/11/2563,,,,,,,,
อกัสตัน สุขุมวิท 22,วางโครงข่ายแล้ว,,,,,,,,,
ไอริส แอเวนิว อาคาร 5,รอเข้าดำเนินการ,,,,เชื่อมโครงข่ายแล้ว,,,,,
บี.อาร์.คอนโด บี,วางโครงข่ายแล้ว,,,,,,,,,
แฮปปี้คอนโด ลาดพร้าว 101 อาคารดี และ อาคารอี,วางโครงข่ายแล้ว,,,,,,,,,
เลอร์โคซี่,รอเข้าดำเนินการ,,,,,,,,,
เจริญดีคอนโดทาวน์ โครงการ 1,วางโครงข่ายแล้ว,,,,,,,,,
บ้านสิริสุขุมวิท ซอย 13,วางโครงข่ายแล้ว,,,,,,,,,
ชาโตว์ อินทาวน์ สุุขุมวิท 62/1 เฟส 2,วางโครงข่ายแล้ว,,,,,,,,,
ศุภาลัย ปาร์ค ศรีนครินทร์,รอเข้าดำเนินการ,,,,,,,,,
ฟอร์โมซ่า ลาดพร้าว 7,วางโครงข่ายแล้ว,,,,,,,,,
ลุมพินี เพลส นราธิวาส-เจ้าพระยา,วางโครงข่ายแล้ว,,,,,,,เชื่อมโครงข่ายแล้ว,,
ดี คอนโด สาธุประดิษฐ์ 49,วางโครงข่ายแล้ว,,เชื่อมโครงข่ายแล้ว,,,,,,,
ร่มโพธิ์ แมนชั่น โดย บ.บางนาการเคหะ จก.,วางโครงข่ายแล้ว,,,,,,,,,
เมโทร พาร์ค สาทร 3-4,รอเข้าดำเนินการ,,,,,,,,,
Regent Home 6/2,วางโครงข่ายแล้ว,,,,,,,,,
สุขุมวิทเฮ้าส์,รอเข้าดำเนินการ,20/11/2563-8/12/2563,,,,,,,,
ลุมพินี เพลส นราธิวาส 24,วางโครงข่ายแล้ว,,,เชื่อมโครงข่ายแล้ว,,,,เชื่อมโครงข่ายแล้ว,,
ลุมพินี พาร์ค ริเวอร์ไซด์-พระราม 3,รอเข้าดำเนินการ,,,,,,,,,
ซิตี้ คอร์ท คอนโดมิเนียม,รอเข้าดำเนินการ,,,,,,,,,
ไอดีโอ โมบิ สุขุมวิท 40,วางโครงข่ายแล้ว,,,,,,,,,
เกียรติธานี ซิตี้ แมนชั่น ,รอเข้าดำเนินการ,,,,,,,,,
เคหะชุมชนร่มเกล้า 10,วางโครงข่ายแล้ว,,,,,,,,,
แฮปปี้คอนโด ลาดพร้าว 101 อาคารจี,รอเข้าดำเนินการ,25/12/2563 - 13/1/2564,,,,,,,,
เอสต้า บลิซ,วางโครงข่ายแล้ว,,,,เชื่อมโครงข่ายแล้ว,,,,,
แฟลตนายทหาร สัญญาบัตร บางซื่อ,รอเข้าดำเนินการ,,,,,,,,,
คาซ่า วีว่า,รอเข้าดำเนินการ,,,,,,,,,
เดอะเนสท์ สุขุมวิท 22,รอเข้าดำเนินการ,,,,,,,,,
"ลีฟวิ่งเพลส ศูนย์วิจัย 1 (อาคาร 1, 2, 3)",รอเข้าดำเนินการ,1/12/2563 - 18/12/2563,,,,,,,,
ลุมพินี เพลส บรมราชชนนี-ปิ่นเกล้า,วางโครงข่ายแล้ว,,,,,,,,,
ยู ดีไลท์ @ บางซ่อน สเตชั่น,รอเข้าดำเนินการ,30/11/2563 - 15/1/2564,,,,,,,,
พหลโยธิน พาร์ค,รอเข้าดำเนินการ,21/12/2563 - 12/12/2564,,,,,,,,
แบงค์คอก เฟลิซ แอท กรุงธนบุรี สเตชั่น,รอเข้าดำเนินการ,,,,,,,,,
เคหะชุมชนและบริการชุมชน ลาดกระบัง 2/1,รอเข้าดำเนินการ,,,,,,,,,
เดอะวิลล์ เอ็กซ์เพรส คอนโดมิเนียม,รอเข้าดำเนินการ,,,,,,,,,
เคหะชุมชนร่มเกล้า 7,วางโครงข่ายแล้ว,,,,,,,,,
เวรี่ สุขุมวิท 72,รอเข้าดำเนินการ,8/12/2563- 22/12/2563,,,,,,,,
ลุมพินี เพลส นราธิวาสราชนครินทร์,วางโครงข่ายแล้ว,,,,,,,,,
นิช ไอดี แอท ปากเกร็ด สเตชั่น,วางโครงข่ายแล้ว,,,,,,,,,
พาร์ค วิลเลจ อ่อนนุช ซี,วางโครงข่ายแล้ว,,,เชื่อมโครงข่ายแล้ว,,,,,,
อโศกทาวเวอร์ส,วางโครงข่ายแล้ว,,,,,,,,,
เดอะเทมโป พหลโยธิน,รอเข้าดำเนินการ,,เชื่อมโครงข่ายแล้ว,,,,,,,
ลอฟท์ ริเวอร์ เรสซิเดนซ์ 1,รอเข้าดำเนินการ,,,,,,,เชื่อมโครงข่ายแล้ว,,
บจก.เย็นสบายดี เรสซิเด้นท์    (ลาดพร้าว 101),วางโครงข่ายแล้ว,,,,,,,,,
ซิตี้ โฮม สุขุมวิท 2,รอเข้าดำเนินการ,14/12/2563 - 25/12/1963,,,,,,,,
เมืองไทยคอนโดเทล,วางโครงข่ายแล้ว,,,,เชื่อมโครงข่ายแล้ว,,,,,
พรหมไพศาล คอนโดมิเนียม (เมืองไทยคอนโดเทล),กำลังดำเนินการ,,,,,,,,,
บางใหญ่สแควร์ A 1,รอเข้าดำเนินการ,,,,,,,,,
พราว ออฟ แจ้งวัฒนะ,รอเข้าดำเนินการ,,,,,,,,,
เอ สเปซ อโศกรัชดา เซาธทาวเวอร์,รอเข้าดำเนินการ,,,,,,,,,
เซ็นทริค ซีน รัชวิภา,รอเข้าดำเนินการ,,,,,,,,,
เดอะดิโพลแมท 39 ,วางโครงข่ายแล้ว,,,,,,,,,
วิสซ์ดอม สเตชั่น รัชดา-ท่าพระ,วางโครงข่ายแล้ว,,,,,,,,,
บ้านพฤกษาสิริ 2,กำลังสร้างพร้อมโครงการฯ,,,,,,,,,
บจก.ทรัพย์อุดม พร็อพเพอร์ตี้ โครงการ Sylva,รอเข้าดำเนินการ,,,,,,,,,
พี.เอส.ที. คอนโดวิลล์ ทาวเวอร์ 2,วางโครงข่ายแล้ว,,,,,,,,,
ไลฟ์ ปิ่นเกล้า,วางโครงข่ายแล้ว,,,,,,,,,
ลุมพินี คอนโดทาวน์ รัตนาธิเบศร์,รอเข้าดำเนินการ,,,,,,,,,
ลุมพินี เซ็นเตอร์ ดี,รอเข้าดำเนินการ,,,,,,,,,
โฟคัส คอนโดมิเนียม,รอเข้าดำเนินการ,,,,,,,,,
เอ็กซ์วีไอเดอะซิกซ์ทีน คอนโดมิเนียม,รอเข้าดำเนินการ,4/1/2564 - 2/12/2563,,,,,,,,
สินเศรษฐีคอนโดทาวน์ อาคาร A1-A2,รอเข้าดำเนินการ,,,,,,,,,
บราวน์ พหลโยธิน 67 คอนโดมิเนียม,วางโครงข่ายแล้ว,,,,,,,,,
มอนเทอเรย์ เพลซ ,วางโครงข่ายแล้ว,,,,,,,เชื่อมโครงข่ายแล้ว,,
จุลดิศแมนชั่น,วางโครงข่ายแล้ว,,,,,,,,,
พอส สุขุมวิท 115,รอเข้าดำเนินการ,,,,,,,,,
บจก.ออริจิ้น เวอร์ดิเคิล โครงการ Knigths Britbge Space รัชโยธิน,วางโครงข่ายแล้ว,,,,เชื่อมโครงข่ายแล้ว,,,,,
The key แจ้งวัฒนะ,วางโครงข่ายแล้ว,,,,เชื่อมโครงข่ายแล้ว,,,,,
ฟีล คอนโดมิเนียม ปิ่นเกล้า-จรัญ 59,รอเข้าดำเนินการ,,,,,,,,,
59 เฮริเทจ,วางโครงข่ายแล้ว,,,,,,,,,
ไฮฟ์ สาทร,รอเข้าดำเนินการ,,,,,,,,,
แชมเบอร์ส รามอินทรา,รอเข้าดำเนินการ,,,,,,,,,
ชาโตว์ อินทาวน์ สุขุุมวิท 64,รอเข้าดำเนินการ,,,,,,,,,
รีเจ้นท์โฮม 7/2,รอเข้าดำเนินการ,,,,,,,,,
มนเทียรทิพย์คอนโดทาวน์ (อาคาร 3),รอเข้าดำเนินการ,,เชื่อมโครงข่ายแล้ว,,,,,,,
ละติจูด คอนโด 1 และ 2,วางโครงข่ายแล้ว,,เชื่อมโครงข่ายแล้ว,,เชื่อมโครงข่ายแล้ว,,,,,
เดอะคิทท์ ติวานนท์  อาคาร 1,วางโครงข่ายแล้ว,,เชื่อมโครงข่ายแล้ว,,,,,,,
เดอะคิทท์ ติวานนท์  อาคาร 2,วางโครงข่ายแล้ว,,เชื่อมโครงข่ายแล้ว,,,,,,,
เดอะคิทท์ ติวานนท์  อาคาร 3,วางโครงข่ายแล้ว,,เชื่อมโครงข่ายแล้ว,,,,,,,
เดอะคิทท์ ติวานนท์  อาคาร 4,วางโครงข่ายแล้ว,,เชื่อมโครงข่ายแล้ว,,,,,,,
เดอะคิทท์ ติวานนท์  อาคาร 5,วางโครงข่ายแล้ว,,เชื่อมโครงข่ายแล้ว,,,,,,,
เดอะคิทท์ ติวานนท์  อาคาร 6,วางโครงข่ายแล้ว,,เชื่อมโครงข่ายแล้ว,,,,,,,
เดอะคิทท์ ติวานนท์  อาคาร 10,วางโครงข่ายแล้ว,,,,เชื่อมโครงข่ายแล้ว,,,,,
เดอะคิทท์ ติวานนท์  อาคาร 11,รอเข้าดำเนินการ,,,,,,,,,
พฤกษาธานี 3,รอเข้าดำเนินการ,,,,,,,,,
เดอะนิช โมโน พีค บางนา,วางโครงข่ายแล้ว,,,,,,,,,
เดอะคิทท์ พลัส สุขุมวิท 113,รอเข้าดำเนินการ,,,,,,,,,
ลุมพินี เพลส รัชโยธิน,รอเข้าดำเนินการ,,,,,,,,,
รัตนโกสินทร์ ไอส์แลนด์ คอนโดมิเนียม,วางโครงข่ายแล้ว,,,,,,,,,
ฮอลล์มาร์ค แจ้งวัฒนะ,รอเข้าดำเนินการ,,,,,,,,,
รีเจ้นท์โฮม 15,รอเข้าดำเนินการ,,,,,,,,,
แฮปปี้คอนโด ลาดพร้าว 101 อาคาร เอช,รอเข้าดำเนินการ,23/12/2563 - 8/1/2564,,,,,,,,
บราวน์ รัชดา 32,วางโครงข่ายแล้ว,,,,,,,,,
แฟลตประทวนอาคารที่พักอาศัยข้าราชการ สนง.ปลัดกระทรวง,วางโครงข่ายแล้ว,,,,,,,,,
เมโทร พาร์ค สาทร 3-2,วางโครงข่ายแล้ว,,,,,,,,,
ชาโตว์ อินทาวน์ จรัญ 96/2,วางโครงข่ายแล้ว,,,,,,,,,
โนเบิล รีเฟลกซ์,รอเข้าดำเนินการ,29/12/2563 - 2/3/2564,,,,,,,,
รีเจ้นท์โฮม 5,วางโครงข่ายแล้ว,,,,,,,,,
เคหะชุมชนร่มเกล้า 5 อาคาร 33-36,วางโครงข่ายแล้ว,,,,,,,,,
ไนท์บริดจ์ สกายซิตี้ สะพานใหม่,รอเข้าดำเนินการ,29/12/2563 - 13/1/2564,,,,,,,,
เดอะวัน พลัสดี คอนโดมิเนียม,รอเข้าดำเนินการ,29/12/2563 - 30/12/2563,,,,,,,,
ลุมพินี วิลล์ ราษฏร์บูรณะ-ริเวอร์วิว ,วางโครงข่ายแล้ว,,,,,,,,,
เดอะนิช ไอดี พระราม 2 เฟส 1,รอเข้าดำเนินการ,11/1/2564 - 19/3/2564,,,,,,,,
เอสแอนด์เอส สุขุมวิท,วางโครงข่ายแล้ว,,,,,,,,,
โว้ค คอนโดมิเนียม สุขุมวิท 31,รอเข้าดำเนินการ,23/12/2563 - 12/1/2563,,,,,,,,
ศุภาลัยปาร์ค สถานีตลาดพลู,วางโครงข่ายแล้ว,,,,,,,,,
บ้านเอราวัณ อาคาร 1,รอเข้าดำเนินการ,27/1/2564 - 18/3/2564,,,,,,,,
ลุมพินี เซ็นเตอร์ นวมินทร์,รอเข้าดำเนินการ,14/1/2564 - 27/1/2564,,,,,,,,
เดอะแบงค๊อค สุขุมวิท 43,รอเข้าดำเนินการ,15/1/2564 - 18/3/2564,,,,,,,,
บี รี พับบลิค สุขุมวิท 101/1,รอเข้าดำเนินการ,22/1/2564 - 4/2/2564,,,,,,,,
ยูคอนโดแอดแยกเกษตร,รอเข้าดำเนินการ,26/1/2564 - 8/2/2564,,,,,,,,
เซอริโอ้ สุขุมวิท 50 คอนโดมิเนียม,รอเข้าดำเนินการ,2/2/2564 - 15/2/2564,,,,,,,,
เดอะ โมนาเวล คอนโด ,วางโครงข่ายแล้ว,6/1/2564 - 19/1/2564,,,,,,,,
บ้านสวนปาล์ม,รอเข้าดำเนินการ,28/12/2563 - 2/3/2564,,,,,,,,
กฤษสกนธ์ คอนโดวิลล์,รอเข้าดำเนินการ,14/1/2564 - 27/1/2564,,,,,,,,
จอนนี่ ทาวเวอร์,วางโครงข่ายแล้ว,,,,,,,,,
บ้านเอราวัณ อาคาร B,รอเข้าดำเนินการ,11/1/2564 - 31/3/2564,,,,,,,,
สีลม ซิตี้ รีสอร์ท,รอเข้าดำเนินการ,19/1/2564 - 1/3/2564,,,,,,,,
คอนโดวัน ทองหล่อ สเตชั่น คอนโดมิเนียม,วางโครงข่ายแล้ว,,,,,,,,,
โนเบิล รีดี,วางโครงข่ายแล้ว,,,,,,,,,
ลุมพินี เซ็นเตอร์ อี,รอเข้าดำเนินการ,22/3/2564 - 9/4/64,,,,,,,,
ดี คอนโด รามคำแหง,รอเข้าดำเนินการ,20/1/2564 - 2/2/2564,,,,,,,,
ยูทูคอนโดแอดแยกเกษตร,วางโครงข่ายแล้ว,,,,,,,,,
เซียล่า ศรีปทุม,รอเข้าดำเนินการ,22/2/2564 - 5/3/2564,,,,,,,,
ลุมพินี เพลส พระราม 4-สาทร,วางโครงข่ายแล้ว,,,,,,,,,
ริเวอร์ไซด์ เทาว์เวอร์ 2,รอเข้าดำเนินการ,15/1/2564 - 28/1/2564,,,,,,,,
เดอะนิชไอดีพระรามสอง เฟส 2,รอเข้าดำเนินการ,11/1/2564 - 3/2/2564,,,,,,,,
กรีนพีช แมนชั่น,วางโครงข่ายแล้ว,,,,,,,,,
ไลฟ์ วัน ไวร์เลส,รอเข้าดำเนินการ,30/3/2564 - 12/4/2564,,,,,,,,
ยูทรีคอนโดแอดแยกเกษตร,วางโครงข่ายแล้ว,,,,เชื่อมโครงข่ายแล้ว,,,,,
เดอะคิทท์ ติวานนท์ อาคาร 7,รอเข้าดำเนินการ,7/1/2564 - 20/1/2564,,,,,,,,
แชมเบอร์ส เฌอ,รอเข้าดำเนินการ,15/1/2564 - 28/1/2564,,,,,,,,
บ้านสิริสุุขุมวิท ซอย 10,รอเข้าดำเนินการ,14/1/2564 - 27/1/2564,,,,,,,,
กฤษสกนธ์ คอนโดวิลล์ 2,รอเข้าดำเนินการ,28/12/2563 - 19/1/2564,,,,,,,,
ศุภาลัย เอลีท สาทร สวนพลู,รอเข้าดำเนินการ,4/12/2563 - 12/3/2564,,,,,,,,
เดอะเครสท์ สุขุมวิท 49,รอเข้าดำเนินการ,5/4/2564 - 20/4/2564,,,,,,,,
เดอะนิช ไอดี เสรีไทย เฟส 1,รอเข้าดำเนินการ,25/1/2564 - 5/2/2564,,,,,,,,
ดิ ยูนีค เอกมัย-รามอินทรา,รอเข้าดำเนินการ,17/12/2563 - 28/12/2563,,,,,,,,
ลุมพินี วิลล์ รามคำแหง 44,รอเข้าดำเนินการ,11/1/2564 - 26/1/2564,,,,,,,,
เดอะไมอามี่ บางปู 1,รอเข้าดำเนินการ,14/1/2564 - 29/12/2564,,,,,,,,
เดอะไมอามี่ บางปู 2,รอเข้าดำเนินการ,"22/1/2564	11/2/2564",,,,,,,,
เดอะไมอามี่ บางปู 3,รอเข้าดำเนินการ,21/1/2564 - 3/2/2564,,,,,,,,
ลุมพินี วิลล์ พัฒนาการ-เพชรบุรีตัดใหม่,รอเข้าดำเนินการ,8/12/2563 - 22/4/64,,,,,,,,
โมทีฟ คอนโด,รอเข้าดำเนินการ,25/1/2564 - 12/2/2564,,,,,,,,
แอนนา เพลส ลาดพร้าว 101 (บจก.ชาร์เตอร์ คอนเซนเทรชั่น,รอเข้าดำเนินการ,22/3/2564 - 2/4/2564,,,,,,,,
แอนนา คอนโดมิเนียม นวมินทร์ 85 (บจก.ทริพเพิล ที แอสเซท),รอเข้าดำเนินการ,27/1/2564 - 9/2/2564,,,,,,,,
โนเบิล แอมเบียนส์ สารสิน,รอเข้าดำเนินการ,11/1/2564 - 22/1/2564,,,,,,,,
ซีวิคปาร์ค (บจก.เฟิสท์บางกอก พร็อพเพอร์ตี้),รอเข้าดำเนินการ,12/1/2564 - 22/1/2564,,,,,,,,
ซีวิคปาร์ค (บจก.โนเบิลแอสเสท),รอเข้าดำเนินการ,25/1/2564 - 12/2/2564,,,,,,,,
แวนเทจ,รอเข้าดำเนินการ,26/1/2564 - 15/2/2564,,,,,,,,
เดอะลีฟ พัฒนาการ,รอเข้าดำเนินการ,18/1/2564 - 29/1/2564,,,,,,,,
ดิ เอสเคป คอนโดมิเนียม อาคาร ดี,รอเข้าดำเนินการ,13/1/2564 - 26/1/2563,,,,,,,,
ไซมิส สุรวงศ์,รอเข้าดำเนินการ,6/1/2564 - 26/2/2564,,,,,,,,
ไอวี่ แอมพิโอ,รอเข้าดำเนินการ,27/1/2564 - 11/2/2564,,,,,,,,
คอนโดยู วิภา-ลาดพร้าว,รอเข้าดำเนินการ,6/1/2564 - 26/1/2564,,,,,,,,
ชุดประตูน้ำเพรสตีจ คอนโดมิเนียม,รอเข้าดำเนินการ,11/1/2564 - 29/12/2563,,,,,,,,
เดอะทรัสต์ เรสซิเด้นท์ รัชดา-พระราม 3,รอเข้าดำเนินการ,14/1/2564 - 27/1/2564,,,,,,,,
เดอะวอเตอร์ฟอร์ด รอยัลสูท,รอเข้าดำเนินการ,30/3/2564 - 12/4/2563,,,,,,,,
ศุภาลัย ซิตี้ รีสอร์ท สถานีแบริ่ง,กำลังดำเนินการ,,,,,,,,,
เดอะ เบส,รอเข้าดำเนินการ,26/1/2564 - 15/2/2564,,,,,,,,
ศุภาลัยปาร์ค แคราย-งามวงศ์วาน,รอเข้าดำเนินการ,17/12/2563 - 30/12/1963,,,,,,,,
เดอะ ทรี อินเตอร์เชนจ์ อาคาร A,วางโครงข่ายแล้ว,,,,,,,,,
เดอะ ทรี อินเตอร์เชนจ์ อาคาร B,รอเข้าดำเนินการ,25/12/2563 - 30/4/64,,,,,,,,
รีเจ้นท์โฮม 7/1,รอเข้าดำเนินการ,8/1/2564 - 21/1/2564,,,,,,,,
ชาโตว์ อินทาวน์ สุขุมวิท 62/1-1,รอเข้าดำเนินการ,8/1/2564 - 21/1/2564,,,,,,,,
ดิ เอสเคป คอนโดมิเนียม อาคาร เอ,รอเข้าดำเนินการ,22/12/2563 - 29/12/1963,,,,,,,,
AVORA 31 Residence (บจก.บ้าน ดีเอสซี),รอเข้าดำเนินการ,23/12/2563 - 14/1/2564,,,,,,,,
ลุมพินี เพลส พหล-สะพานควาย,รอเข้าดำเนินการ,2/2/2564 - 15/2/2564,,,,,,,,
คอนโดเลต ดเวล สุขุมวิท 26,รอเข้าดำเนินการ,15/1/2564 - 4/2/2564,,,,,,,,
พลัม พหลโยธิน 89 เฟส 4,รอเข้าดำเนินการ,6/1/2564 - 26/1/2564,,,,,,,,
บางนาเรสซิเด้นซ์,รอเข้าดำเนินการ,22/1/2564 - 4/2/2564,,,,,,,,
ไลฟ์ สุขุมวิท 62,รอเข้าดำเนินการ,18/1/2564 - 29/2/2564,,,,,,,,
ไดนาสตี้ คอมเพล็กซ์,รอเข้าดำเนินการ,13/1/2564 - 26/1/2564,,,,,,,,
แอนนา คอนโดมิเนียม โพธิ์แก้ว แยก 4,รอเข้าดำเนินการ,28/1/2564 - 10/2/2564,,,,,,,,
แอนนา คอนโดมิเนียม นวมินทร์ 127,รอเข้าดำเนินการ,11/1/2564 - 26/1/2564,,,,,,,,
แอนนา คอนโดมิเนียม นวมินทร์ 133,รอเข้าดำเนินการ,8/1/2564 - 21/1/2564,,,,,,,,
แอนนา คอนโดมิเนียม โพธิ์แก้ว พลัส,รอเข้าดำเนินการ,2/2/2564 - 17/2/2564,,,,,,,,
ยู ดีไลท์ 3 ประชาชื่น-บางซื่อ,รอเข้าดำเนินการ,22/3/2564 - 9/4/2564,,,,,,,,
ไลฟ์แอด สุขุมวิท (บจก.เฟิร์ส แปซิฟิค ฮาริสัน),รอเข้าดำเนินการ,21/1/2564 - 5/2/2564,,,,,,,,
บางกอกริเวอร์ มารีน่า,รอเข้าดำเนินการ,19/1/2564 - 29/1/2564,,,,,,,,
แอท ซิตี้ สุขุมวิท,รอเข้าดำเนินการ,8/3/2564 - 19/3/2564,,,,,,,,
เอลลิโอ เดล เนสท์,รอเข้าดำเนินการ,6/1/2564 - 26/1/2564,,,,,,,,
พญาไท เพลส,รอเข้าดำเนินการ,"14/1/2564	27/1/2564",,,,,,,,
แอนนา คอนโดมิเนียม ลาดพร้าว 130 C (บจก. ชาร์เตอร์ ออนเทนซีที),รอเข้าดำเนินการ,"15/1/2564	28/1/2564",,,,,,,,
แอนนา โฮเทล แอนด์ รีสอร์ท 101 (บจก.ชาร์เตอร์-จินต),รอเข้าดำเนินการ,,,,,,,,,
ยู ดีไลท์ รัตนาธิเบศร์,รอเข้าดำเนินการ,"8/2/2564	26/2/2564",,,,,,,,
เดอ ลาพีส จรัญ 81 (บจก.เซนเซส พร็อพเพอร์ตี้ แมเนจเม้นท์),รอเข้าดำเนินการ,"22/3/2564	2/4/64",,,,,,,,
แอปเปิ้ล คอนโด สุขุมวิท-แบริ่ง,รอเข้าดำเนินการ,03/02/1964,,,,,,,,
เอ สเปซ สุขุมวิท 77 อาคาร อี-เอฟ,รอเข้าดำเนินการ,,,,,,,,,
เดอะ พาร์คแลนด์ แกรนด์ อโศก-เพชรบุรี,รอเข้าดำเนินการ,,,,,,,,,
โนเบิล รีฟอร์ม,รอเข้าดำเนินการ,,,,,,,,,
สี่พระยาริเวอร์วิว,รอเข้าดำเนินการ,,,,,,,,,
เดอะเน็กซ์  คอนโดมิเนียม ลาดพร้าว 44,รอเข้าดำเนินการ,,,,,,,,,
มาเอสโตร 12 เรสซิเด้นซ์,รอเข้าดำเนินการ,,,,,,,,,
เอ สเปซ  สุขุมวิท เอ-บี,รอเข้าดำเนินการ,,,,,,,,,
สายลมคอนโดเทล,รอเข้าดำเนินการ,,,,,,,,,
เดอะ แมทท์ คอนโด,วางโครงข่ายแล้ว,,,,,,,,,
เดอะไลท์เฮ้าส์,วางโครงข่ายแล้ว,,,,,,,,,
ยูดีไลท์@ตลาดพลู สเตชั่น,รอเข้าดำเนินการ,,,,,,,,,
ริเวอร์เฮ้าส์ คอนโดมิเนียม,รอเข้าดำเนินการ,,,,,,,,,
เดอะนิช ไอดี บางแค เฟส 1,รอเข้าดำเนินการ,,,,,,,,,
THE PRIMO,วางโครงข่ายแล้ว,,,,,,,,,
เดอะคิทท์ ติวานนท์ อาคาร A8,วางโครงข่ายแล้ว,,,,,,,,,
เดอะคิทท์ ติวานนท์ อาคาร A9,รอเข้าดำเนินการ,,,,,,,,,
สาริน เพลส,รอเข้าดำเนินการ,,,,,,,,,
เดอะ เวอร์ติคัล อารีย์,รอเข้าดำเนินการ,,,,,,,,,
ชาโตว์ อินทาวน์ พหลโยธิน 11,รอเข้าดำเนินการ,,,,,,,,,
วินน์ โชคชัย 4,รอเข้าดำเนินการ,,,,,,,,,
The Cube Urban Sothorn-Chan (บจก.คิวบ์ เรียล พร็อพเพอร์ตี้),รอเข้าดำเนินการ,,,,,,,,,
Bear Bangwa Interchange (บจก.นอร์ธแลนด์ ดีเวลลอปเม้นต์),รอเข้าดำเนินการ,,,,,,,,,
ไอ-บิซา,รอเข้าดำเนินการ,,,,,,,,,
เดอะมาร์ค รัชดา-แอร์พอร์ตลิงค์,รอเข้าดำเนินการ,,,,,,,,,
ริธึ่ม รัชดา-ห้วยขวาง,รอเข้าดำเนินการ,,,,,,,,,
เรือนทองแมนชั่น,รอเข้าดำเนินการ,,,,,,,,,
ศาลาแดง เรสซิเดนเซส,รอเข้าดำเนินการ,,,,,,,,,
ชาโตว์ อินทาวน์ สุขุมวิท 64 เอ,รอเข้าดำเนินการ,,,,,,,,,
ไอดีโอ โมบิ  สุขุมวิท เอ,รอเข้าดำเนินการ,,,,,,,,,
พี.จี. พระราม 9 อาคาร บี,รอเข้าดำเนินการ,,,,,,,,,
185 ราชดำริ,รอเข้าดำเนินการ,,,,,,,,,
คาซ่า ฟรานซ์ เอแบค บางนา,รอเข้าดำเนินการ,,,,,,,,,
คอนโด ยู รัชโยธิน,รอเข้าดำเนินการ,,,,,,,,,
เลอ เซแลส พระราม 9 - ศรีนครินทร์,รอเข้าดำเนินการ,,,,,,,,,
รีเจ้นท์โฮม 4,รอเข้าดำเนินการ,,,,,,,,,
ไพรมแมนชั่น สุขุมวิท 31,รอเข้าดำเนินการ,,,,,,,,,
รีเจ้นท์ แอน เดอะ ปาร์ค 3,รอเข้าดำเนินการ,,,,,,,,,
ไอคอนโด สุขาภิบาล 2,รอเข้าดำเนินการ,,,,,,,,,
วี คอนโด,รอเข้าดำเนินการ,,,,,,,,,
The Excel Ladprao-Sutthisan (บมจ.ออล์ อินสไปร์ ดีเวลลอปเม้นท์ ),รอเข้าดำเนินการ,,,,,,,,,
The Excel Ratchada 18 (บมจ.ออล์ อินสไปร์ ดีเวลลอปเม้นท์ ),รอเข้าดำเนินการ,,,,,,,,,
รีเจ้นท์ ออน เดอะ ปาร์ค 3,รอเข้าดำเนินการ,,,,,,,,,
